dataset_key,decision,role,source,artifact_references,existing_file_objects,directory_objects,direct_file_bytes,exclusive_direct_file_bytes,additional_direct_file_bytes_in_order,covered_by,view_references,lineage_referenced_by,issues,reason,notes
aidatatang@icefall-20260908,retain,运行快照,catalog/icefall_runtime.jsonl:26,2,2,0,8585184,0,8585184,,,,,存在独立产物或源目录；暂无完整替代证据，保留并展开后续音频依赖。,
aidatatang@legacy-20260804,reference_only,历史基础入口,catalog/icefall_base.jsonl:21,2,2,0,8585184,0,0,aidatatang@icefall-20260908,aidatatang/hotwords@v1-20260805:source,aidatatang@icefall-20260908,,全部直接产物由所列保留版本覆盖；保留声明、划分及视图，只合并物理备份。,
aidatatang_hotwords@hotwords-v1-20260805,retain,清洗或热词视图,catalog/local_lhotse_derived.jsonl:18,2,2,0,9189940,6996746,6996746,aidatatang@icefall-20260908,aidatatang/hotwords@v1-20260805:result,,,存在独立产物或源目录；暂无完整替代证据，保留并展开后续音频依赖。,
aishell2@eval-20260804,reference_only,评测入口,catalog/open_audio_eval.jsonl:2,2,2,0,231107,0,0,aishell2@icefall-20260908,,,,全部直接产物由所列保留版本覆盖；保留声明、划分及视图，只合并物理备份。,
aishell2@icefall-20260908,retain,运行快照,catalog/icefall_runtime.jsonl:19,4,4,0,47248424,0,47248424,,,,,存在独立产物或源目录；暂无完整替代证据，保留并展开后续音频依赖。,
aishell2@legacy-20260804,reference_only,历史基础入口,catalog/icefall_base.jsonl:14,4,4,0,47248424,0,0,aishell2@icefall-20260908,aishell2/clean@v1-20260805:source;aishell2/hotwords@v1-20260805:source,aishell2@icefall-20260908,,全部直接产物由所列保留版本覆盖；保留声明、划分及视图，只合并物理备份。,
aishell2_clean@clean-v1-20260805,retain,清洗或热词视图,catalog/local_lhotse_derived.jsonl:14,2,2,0,233620,159344,159344,aishell2@icefall-20260908,aishell2/clean@v1-20260805:result,,,存在独立产物或源目录；暂无完整替代证据，保留并展开后续音频依赖。,
aishell2_hotwords@eval-20260804,reference_only,评测入口,catalog/open_audio_eval.jsonl:15,2,2,0,235516,0,0,aishell2@icefall-20260908;aishell2_hotwords@hotwords-v1-20260805,,,,全部直接产物由所列保留版本覆盖；保留声明、划分及视图，只合并物理备份。,
aishell2_hotwords@hotwords-v1-20260805,retain,清洗或热词视图,catalog/local_lhotse_derived.jsonl:15,2,2,0,235516,0,161240,aishell2@icefall-20260908,aishell2/hotwords@v1-20260805:result,,,存在独立产物或源目录；暂无完整替代证据，保留并展开后续音频依赖。,
aishell3@eval-20260804,reference_only,评测入口,catalog/open_audio_eval.jsonl:3,2,2,0,1231063,0,0,aishell3@icefall-20260908,,,,全部直接产物由所列保留版本覆盖；保留声明、划分及视图，只合并物理备份。,
aishell3@icefall-20260908,retain,运行快照,catalog/icefall_runtime.jsonl:20,4,4,0,7240547,0,7240547,,,,,存在独立产物或源目录；暂无完整替代证据，保留并展开后续音频依赖。,
aishell3@legacy-20260804,reference_only,历史基础入口,catalog/icefall_base.jsonl:15,4,4,0,7240547,0,0,aishell3@icefall-20260908,aishell3/hotwords@v1-20260805:source,aishell3@icefall-20260908,,全部直接产物由所列保留版本覆盖；保留声明、划分及视图，只合并物理备份。,
aishell3_hotwords@eval-20260804,reference_only,评测入口,catalog/open_audio_eval.jsonl:16,2,2,0,1309830,0,0,aishell3@icefall-20260908;aishell3_hotwords@hotwords-v1-20260805,,,,全部直接产物由所列保留版本覆盖；保留声明、划分及视图，只合并物理备份。,
aishell3_hotwords@hotwords-v1-20260805,retain,清洗或热词视图,catalog/local_lhotse_derived.jsonl:16,4,4,0,7556257,5238208,6157781,aishell3@icefall-20260908,aishell3/hotwords@v1-20260805:result,,,存在独立产物或源目录；暂无完整替代证据，保留并展开后续音频依赖。,
aishell4@icefall-20260908,retain,运行快照,catalog/icefall_runtime.jsonl:21,8,8,0,4210560,3244234,4210560,,,,,存在独立产物或源目录；暂无完整替代证据，保留并展开后续音频依赖。,
aishell4@legacy-20260804,reference_only,历史基础入口,catalog/icefall_base.jsonl:16,4,4,0,966326,0,0,aishell4@icefall-20260908,,aishell4@icefall-20260908,,全部直接产物由所列保留版本覆盖；保留声明、划分及视图，只合并物理备份。,
aishell5@1.0,hold,下载来源声明,catalog/download_queue.jsonl:1,5,5,0,65196261376,65196261376,0,,,,expected_size_mismatch,路径未就绪或大小与登记不符；不作为可替代版本。,
aishell@eval-20260804,reference_only,评测入口,catalog/open_audio_eval.jsonl:1,2,2,0,373992,0,0,aishell@icefall-20260908,,,,全部直接产物由所列保留版本覆盖；保留声明、划分及视图，只合并物理备份。,
aishell@icefall-20260908,retain,运行快照,catalog/icefall_runtime.jsonl:18,6,6,0,7303515,0,7303515,,,,,存在独立产物或源目录；暂无完整替代证据，保留并展开后续音频依赖。,
aishell@legacy-20260804,reference_only,历史基础入口,catalog/icefall_base.jsonl:13,6,6,0,7303515,0,0,aishell@icefall-20260908,aishell/clean@v1-20260805:source;aishell/hotwords@v1-20260805:source,aishell@icefall-20260908,,全部直接产物由所列保留版本覆盖；保留声明、划分及视图，只合并物理备份。,
aishell_clean@clean-v1-20260805,retain,清洗或热词视图,catalog/local_lhotse_derived.jsonl:12,2,2,0,393355,292017,292017,aishell@icefall-20260908,aishell/clean@v1-20260805:result,,,存在独立产物或源目录；暂无完整替代证据，保留并展开后续音频依赖。,
aishell_hotwords@eval-20260804,reference_only,评测入口,catalog/open_audio_eval.jsonl:14,2,2,0,408233,0,0,aishell@icefall-20260908;aishell_hotwords@hotwords-v1-20260805,,,,全部直接产物由所列保留版本覆盖；保留声明、划分及视图，只合并物理备份。,
aishell_hotwords@hotwords-v1-20260805,retain,清洗或热词视图,catalog/local_lhotse_derived.jsonl:13,4,4,0,7007323,4917671,5224566,aishell@icefall-20260908,aishell/hotwords@v1-20260805:result,,,存在独立产物或源目录；暂无完整替代证据，保留并展开后续音频依赖。,
alimeeting@openslr-119-far-local-20260903,retain,源数据或独立产物,catalog/alimeeting_far_raw.jsonl:1,4,1,3,30505,30505,30505,,,,,存在独立产物或源目录；暂无完整替代证据，保留并展开后续音频依赖。,Train 与 Eval 的 434 个文件和 legacy_asr 下副本逐文件 SHA-256 一致；Test_2023 未证明覆盖，继续保留。
alimeeting@openslr-119-local-20260826,retain,源数据或独立产物,catalog/multilingual_multispeaker.jsonl:1,13,9,4,13603536,13603536,13603536,,,,,存在独立产物或源目录；暂无完整替代证据，保留并展开后续音频依赖。,
alimeeting_sdm@icefall-20260908,retain,运行快照,catalog/icefall_runtime.jsonl:44,6,6,0,6262049,6262049,6262049,,,,,存在独立产物或源目录；暂无完整替代证据，保留并展开后续音频依赖。,
ami_sdm@icefall-20260908,retain,运行快照,catalog/icefall_runtime.jsonl:45,6,6,0,11092764,11092764,11092764,,,,,存在独立产物或源目录；暂无完整替代证据，保留并展开后续音频依赖。,
audioset_esc_test@eval-20260804,retain,评测入口,catalog/open_audio_eval.jsonl:45,1,1,0,413904,413904,413904,,,,,存在独立产物或源目录；暂无完整替代证据，保留并展开后续音频依赖。,
banspeech_bn@legacy,retain,源数据或独立产物,catalog/legacy_multilingual.jsonl:5,1,0,1,0,0,0,,,,,存在独立产物或源目录；暂无完整替代证据，保留并展开后续音频依赖。,
biic_podcast_ser@eval-20260804,retain,评测入口,catalog/open_audio_eval.jsonl:25,2,2,0,282983,282983,282983,,,,,存在独立产物或源目录；暂无完整替代证据，保留并展开后续音频依赖。,
cbtts_bn@legacy,retain,源数据或独立产物,catalog/legacy_multilingual.jsonl:6,1,0,1,0,0,0,,,,,存在独立产物或源目录；暂无完整替代证据，保留并展开后续音频依赖。,
childmandarin@icefall-20260908,retain,运行快照,catalog/icefall_runtime.jsonl:30,3,3,0,2038607,0,2038607,,,,,存在独立产物或源目录；暂无完整替代证据，保留并展开后续音频依赖。,
childmandarin@legacy-20260804,reference_only,历史基础入口,catalog/icefall_base.jsonl:25,3,3,0,2038607,0,0,childmandarin@icefall-20260908,,childmandarin@icefall-20260908,,全部直接产物由所列保留版本覆盖；保留声明、划分及视图，只合并物理备份。,
cml_tts_fr@legacy,retain,源数据或独立产物,catalog/legacy_multilingual.jsonl:22,1,0,1,0,0,0,,,,,存在独立产物或源目录；暂无完整替代证据，保留并展开后续音频依赖。,
common-voice-en@26.0,hold,下载来源声明,catalog/download_queue.jsonl:2,1,0,0,0,0,0,,,,unconfigured_root,路径未就绪或大小与登记不符；不作为可替代版本。,
common-voice-yue@26.0,hold,下载来源声明,catalog/download_queue.jsonl:5,1,0,0,0,0,0,,,,unconfigured_root,路径未就绪或大小与登记不符；不作为可替代版本。,
common-voice-zh-cn@26.0,hold,下载来源声明,catalog/download_queue.jsonl:3,1,0,0,0,0,0,,,,unconfigured_root,路径未就绪或大小与登记不符；不作为可替代版本。,
common-voice-zh-hk@26.0,hold,下载来源声明,catalog/download_queue.jsonl:4,1,0,0,0,0,0,,,,unconfigured_root,路径未就绪或大小与登记不符；不作为可替代版本。,
common_voice_ar@legacy,retain,源数据或独立产物,catalog/legacy_multilingual.jsonl:1,1,0,1,0,0,0,,,,,存在独立产物或源目录；暂无完整替代证据，保留并展开后续音频依赖。,
common_voice_bn@legacy,retain,源数据或独立产物,catalog/legacy_multilingual.jsonl:7,1,0,1,0,0,0,,,,,存在独立产物或源目录；暂无完整替代证据，保留并展开后续音频依赖。,
common_voice_de@legacy,retain,源数据或独立产物,catalog/legacy_multilingual.jsonl:12,1,0,1,0,0,0,,,,,存在独立产物或源目录；暂无完整替代证据，保留并展开后续音频依赖。,
common_voice_en@icefall-20260908,retain,运行快照,catalog/icefall_runtime.jsonl:4,8,8,0,135194561,0,135194561,,,,,存在独立产物或源目录；暂无完整替代证据，保留并展开后续音频依赖。,
common_voice_en@legacy-20260804,reference_only,历史基础入口,catalog/icefall_base.jsonl:4,6,6,0,73308711,0,0,common_voice_en@icefall-20260908,common_voice_en/clean@v1-20260805:source;common_voice_en/hotwords@v1-20260805:source,common_voice_en@icefall-20260908,,全部直接产物由所列保留版本覆盖；保留声明、划分及视图，只合并物理备份。,
common_voice_es@legacy,retain,源数据或独立产物,catalog/legacy_multilingual.jsonl:18,1,0,1,0,0,0,,,,,存在独立产物或源目录；暂无完整替代证据，保留并展开后续音频依赖。,
common_voice_fr@legacy,retain,源数据或独立产物,catalog/legacy_multilingual.jsonl:23,1,0,1,0,0,0,,,,,存在独立产物或源目录；暂无完整替代证据，保留并展开后续音频依赖。,
common_voice_ja@legacy,retain,源数据或独立产物,catalog/legacy_multilingual.jsonl:27,1,0,1,0,0,0,,,,,存在独立产物或源目录；暂无完整替代证据，保留并展开后续音频依赖。,
common_voice_ko@legacy,retain,源数据或独立产物,catalog/legacy_multilingual.jsonl:31,1,0,1,0,0,0,,,,,存在独立产物或源目录；暂无完整替代证据，保留并展开后续音频依赖。,
common_voice_ru@legacy,retain,源数据或独立产物,catalog/legacy_multilingual.jsonl:36,1,0,1,0,0,0,,,,,存在独立产物或源目录；暂无完整替代证据，保留并展开后续音频依赖。,
common_voice_zh@icefall-20260908,retain,运行快照,catalog/icefall_runtime.jsonl:28,7,7,0,4237461,0,4237461,,,,,存在独立产物或源目录；暂无完整替代证据，保留并展开后续音频依赖。,
common_voice_zh@legacy-20260804,reference_only,历史基础入口,catalog/icefall_base.jsonl:23,6,6,0,3460023,0,0,common_voice_zh@icefall-20260908,common_voice_zh/clean@v1-20260805:source;common_voice_zh/hotwords@v1-20260805:source,common_voice_zh@icefall-20260908,,全部直接产物由所列保留版本覆盖；保留声明、划分及视图，只合并物理备份。,
common_voice_zh_hk@icefall-20260908,retain,运行快照,catalog/icefall_runtime.jsonl:42,6,6,0,1210151,0,1210151,,,,,存在独立产物或源目录；暂无完整替代证据，保留并展开后续音频依赖。,
common_voice_zh_hk@legacy-20260804,reference_only,历史基础入口,catalog/icefall_base.jsonl:37,6,6,0,1210151,0,0,common_voice_zh_hk@icefall-20260908,,common_voice_zh_hk@icefall-20260908,,全部直接产物由所列保留版本覆盖；保留声明、划分及视图，只合并物理备份。,
commonvoice_en@eval-20260804,retain,评测入口,catalog/open_audio_eval.jsonl:10,3,3,0,3839411,1800729,1800729,common_voice_en@icefall-20260908,,,,存在独立产物或源目录；暂无完整替代证据，保留并展开后续音频依赖。,
commonvoice_en_clean@clean-v1-20260805,reference_only,清洗或热词视图,catalog/local_lhotse_derived.jsonl:8,4,4,0,76137384,0,0,common_voice_en@icefall-20260908,common_voice_en/clean@v1-20260805:result,,,全部直接产物由所列保留版本覆盖；保留声明、划分及视图，只合并物理备份。,清洗文件的已知筛选缺口见 docs/cv-en-cleaning.md；覆盖关系不代表质量通过。
commonvoice_en_hotwords@eval-20260804,reference_only,评测入口,catalog/open_audio_eval.jsonl:12,2,2,0,2155157,0,0,common_voice_en@icefall-20260908;commonvoice_en_hotwords@hotwords-v1-20260805,,,,全部直接产物由所列保留版本覆盖；保留声明、划分及视图，只合并物理备份。,
commonvoice_en_hotwords@hotwords-v1-20260805,retain,清洗或热词视图,catalog/local_lhotse_derived.jsonl:9,4,4,0,82417617,66283814,68166083,common_voice_en@icefall-20260908,common_voice_en/hotwords@v1-20260805:result,,,存在独立产物或源目录；暂无完整替代证据，保留并展开后续音频依赖。,
commonvoice_zh@eval-20260804,reference_only,评测入口,catalog/open_audio_eval.jsonl:11,2,2,0,901126,0,0,common_voice_zh@icefall-20260908,,,,全部直接产物由所列保留版本覆盖；保留声明、划分及视图，只合并物理备份。,
commonvoice_zh_clean@clean-v1-20260805,reference_only,清洗或热词视图,catalog/local_lhotse_derived.jsonl:10,2,2,0,925183,0,0,common_voice_zh@icefall-20260908,common_voice_zh/clean@v1-20260805:result,,,全部直接产物由所列保留版本覆盖；保留声明、划分及视图，只合并物理备份。,
commonvoice_zh_hotwords@eval-20260804,reference_only,评测入口,catalog/open_audio_eval.jsonl:13,2,2,0,986357,0,0,common_voice_zh@icefall-20260908;commonvoice_zh_hotwords@hotwords-v1-20260805,,,,全部直接产物由所列保留版本覆盖；保留声明、划分及视图，只合并物理备份。,
commonvoice_zh_hotwords@hotwords-v1-20260805,retain,清洗或热词视图,catalog/local_lhotse_derived.jsonl:11,4,4,0,3032117,1658659,2497271,common_voice_zh@icefall-20260908,common_voice_zh/hotwords@v1-20260805:result,,,存在独立产物或源目录；暂无完整替代证据，保留并展开后续音频依赖。,
cs_dialogue@icefall-20260908,retain,运行快照,catalog/icefall_runtime.jsonl:33,6,6,0,1635060,0,1635060,,,,,存在独立产物或源目录；暂无完整替代证据，保留并展开后续音频依赖。,
cs_dialogue@legacy-20260804,reference_only,历史基础入口,catalog/icefall_base.jsonl:28,6,6,0,1635060,0,0,cs_dialogue@icefall-20260908,,cs_dialogue@icefall-20260908,,全部直接产物由所列保留版本覆盖；保留声明、划分及视图，只合并物理备份。,
cs_dialogue_en@icefall-20260908,retain,运行快照,catalog/icefall_runtime.jsonl:34,6,6,0,794352,0,794352,,,,,存在独立产物或源目录；暂无完整替代证据，保留并展开后续音频依赖。,
cs_dialogue_en@legacy-20260804,reference_only,历史基础入口,catalog/icefall_base.jsonl:29,6,6,0,794352,0,0,cs_dialogue_en@icefall-20260908,,cs_dialogue_en@icefall-20260908,,全部直接产物由所列保留版本覆盖；保留声明、划分及视图，只合并物理备份。,
cs_dialogue_mix@icefall-20260908,retain,运行快照,catalog/icefall_runtime.jsonl:35,6,6,0,897965,0,897965,,,,,存在独立产物或源目录；暂无完整替代证据，保留并展开后续音频依赖。,
cs_dialogue_mix@legacy-20260804,reference_only,历史基础入口,catalog/icefall_base.jsonl:30,6,6,0,897965,0,0,cs_dialogue_mix@icefall-20260908,,cs_dialogue_mix@icefall-20260908,,全部直接产物由所列保留版本覆盖；保留声明、划分及视图，只合并物理备份。,
cumix2017@icefall-20260908,retain,运行快照,catalog/icefall_runtime.jsonl:36,2,2,0,586862,0,586862,,,,,存在独立产物或源目录；暂无完整替代证据，保留并展开后续音频依赖。,
cumix2017@legacy-20260804,reference_only,历史基础入口,catalog/icefall_base.jsonl:31,2,2,0,586862,0,0,cumix2017@icefall-20260908,,cumix2017@icefall-20260908,,全部直接产物由所列保留版本覆盖；保留声明、划分及视图，只合并物理备份。,
cv_en_noise_audioset_esc@eval-20260804,retain,评测入口,catalog/open_audio_eval.jsonl:55,2,2,0,2032735,1789233,2032735,,,,,存在独立产物或源目录；暂无完整替代证据，保留并展开后续音频依赖。,
cv_en_noise_audioset_esc_hotwords@eval-20260804,retain,评测入口,catalog/open_audio_eval.jsonl:77,2,2,0,2114712,1871210,1871210,cv_en_noise_audioset_esc@eval-20260804,,,,存在独立产物或源目录；暂无完整替代证据，保留并展开后续音频依赖。,
cv_en_noise_audioset_traffic@eval-20260804,retain,评测入口,catalog/open_audio_eval.jsonl:54,2,2,0,2033344,1789237,2033344,,,,,存在独立产物或源目录；暂无完整替代证据，保留并展开后续音频依赖。,
cv_en_noise_audioset_traffic_hotwords@eval-20260804,retain,评测入口,catalog/open_audio_eval.jsonl:76,2,2,0,2115321,1871214,1871214,cv_en_noise_audioset_traffic@eval-20260804,,,,存在独立产物或源目录；暂无完整替代证据，保留并展开后续音频依赖。,
cv_en_noise_dns@eval-20260804,retain,评测入口,catalog/open_audio_eval.jsonl:53,2,2,0,2031546,1789224,2031546,,,,,存在独立产物或源目录；暂无完整替代证据，保留并展开后续音频依赖。,
cv_en_noise_dns_hotwords@eval-20260804,retain,评测入口,catalog/open_audio_eval.jsonl:75,2,2,0,2113523,1871201,1871201,cv_en_noise_dns@eval-20260804,,,,存在独立产物或源目录；暂无完整替代证据，保留并展开后续音频依赖。,
cv_en_noise_musan_music@eval-20260804,retain,评测入口,catalog/open_audio_eval.jsonl:51,2,2,0,2032707,1789232,2032707,,,,,存在独立产物或源目录；暂无完整替代证据，保留并展开后续音频依赖。,
cv_en_noise_musan_music_hotwords@eval-20260804,retain,评测入口,catalog/open_audio_eval.jsonl:73,2,2,0,2114684,1871209,1871209,cv_en_noise_musan_music@eval-20260804,,,,存在独立产物或源目录；暂无完整替代证据，保留并展开后续音频依赖。,
cv_en_noise_musan_noise@eval-20260804,retain,评测入口,catalog/open_audio_eval.jsonl:50,2,2,0,2032706,1789232,2032706,,,,,存在独立产物或源目录；暂无完整替代证据，保留并展开后续音频依赖。,
cv_en_noise_musan_noise_hotwords@eval-20260804,retain,评测入口,catalog/open_audio_eval.jsonl:72,2,2,0,2114683,1871209,1871209,cv_en_noise_musan_noise@eval-20260804,,,,存在独立产物或源目录；暂无完整替代证据，保留并展开后续音频依赖。,
cv_en_noise_musan_speech@eval-20260804,retain,评测入口,catalog/open_audio_eval.jsonl:52,2,2,0,2032740,1789233,2032740,,,,,存在独立产物或源目录；暂无完整替代证据，保留并展开后续音频依赖。,
cv_en_noise_musan_speech_hotwords@eval-20260804,retain,评测入口,catalog/open_audio_eval.jsonl:74,2,2,0,2114717,1871210,1871210,cv_en_noise_musan_speech@eval-20260804,,,,存在独立产物或源目录；暂无完整替代证据，保留并展开后续音频依赖。,
cv_en_noise_wham@eval-20260804,retain,评测入口,catalog/open_audio_eval.jsonl:56,2,2,0,2031797,1789225,2031797,,,,,存在独立产物或源目录；暂无完整替代证据，保留并展开后续音频依赖。,
cv_en_noise_wham_hotwords@eval-20260804,retain,评测入口,catalog/open_audio_eval.jsonl:78,2,2,0,2113774,1871202,1871202,cv_en_noise_wham@eval-20260804,,,,存在独立产物或源目录；暂无完整替代证据，保留并展开后续音频依赖。,
cv_en_rir_rirmega@eval-20260804,retain,评测入口,catalog/open_audio_eval.jsonl:49,2,2,0,2031806,1789226,2031806,,,,,存在独立产物或源目录；暂无完整替代证据，保留并展开后续音频依赖。,
cv_en_rir_rirmega_hotwords@eval-20260804,retain,评测入口,catalog/open_audio_eval.jsonl:71,2,2,0,2113783,1871203,1871203,cv_en_rir_rirmega@eval-20260804,,,,存在独立产物或源目录；暂无完整替代证据，保留并展开后续音频依赖。,
cv_en_rir_slr26@eval-20260804,retain,评测入口,catalog/open_audio_eval.jsonl:46,2,2,0,2031544,1789224,2031544,,,,,存在独立产物或源目录；暂无完整替代证据，保留并展开后续音频依赖。,
cv_en_rir_slr26_hotwords@eval-20260804,retain,评测入口,catalog/open_audio_eval.jsonl:68,2,2,0,2113521,1871201,1871201,cv_en_rir_slr26@eval-20260804,,,,存在独立产物或源目录；暂无完整替代证据，保留并展开后续音频依赖。,
cv_en_rir_slr28_real@eval-20260804,retain,评测入口,catalog/open_audio_eval.jsonl:48,2,2,0,2032282,1789229,2032282,,,,,存在独立产物或源目录；暂无完整替代证据，保留并展开后续音频依赖。,
cv_en_rir_slr28_real_hotwords@eval-20260804,retain,评测入口,catalog/open_audio_eval.jsonl:70,2,2,0,2114259,1871206,1871206,cv_en_rir_slr28_real@eval-20260804,,,,存在独立产物或源目录；暂无完整替代证据，保留并展开后续音频依赖。,
cv_en_rir_slr28_sim@eval-20260804,retain,评测入口,catalog/open_audio_eval.jsonl:47,2,2,0,2032189,1789228,2032189,,,,,存在独立产物或源目录；暂无完整替代证据，保留并展开后续音频依赖。,
cv_en_rir_slr28_sim_hotwords@eval-20260804,retain,评测入口,catalog/open_audio_eval.jsonl:69,2,2,0,2114166,1871205,1871205,cv_en_rir_slr28_sim@eval-20260804,,,,存在独立产物或源目录；暂无完整替代证据，保留并展开后续音频依赖。,
cv_zh_noise_audioset_esc@eval-20260804,retain,评测入口,catalog/open_audio_eval.jsonl:66,2,2,0,895513,754703,895513,,,,,存在独立产物或源目录；暂无完整替代证据，保留并展开后续音频依赖。,
cv_zh_noise_audioset_esc_hotwords@eval-20260804,retain,评测入口,catalog/open_audio_eval.jsonl:88,2,2,0,960091,819281,819281,cv_zh_noise_audioset_esc@eval-20260804,,,,存在独立产物或源目录；暂无完整替代证据，保留并展开后续音频依赖。,
cv_zh_noise_audioset_traffic@eval-20260804,retain,评测入口,catalog/open_audio_eval.jsonl:65,2,2,0,895692,754707,895692,,,,,存在独立产物或源目录；暂无完整替代证据，保留并展开后续音频依赖。,
cv_zh_noise_audioset_traffic_hotwords@eval-20260804,retain,评测入口,catalog/open_audio_eval.jsonl:87,2,2,0,960270,819285,819285,cv_zh_noise_audioset_traffic@eval-20260804,,,,存在独立产物或源目录；暂无完整替代证据，保留并展开后续音频依赖。,
cv_zh_noise_dns@eval-20260804,retain,评测入口,catalog/open_audio_eval.jsonl:64,2,2,0,894791,754694,894791,,,,,存在独立产物或源目录；暂无完整替代证据，保留并展开后续音频依赖。,
cv_zh_noise_dns_hotwords@eval-20260804,retain,评测入口,catalog/open_audio_eval.jsonl:86,2,2,0,959369,819272,819272,cv_zh_noise_dns@eval-20260804,,,,存在独立产物或源目录；暂无完整替代证据，保留并展开后续音频依赖。,
cv_zh_noise_musan_music@eval-20260804,retain,评测入口,catalog/open_audio_eval.jsonl:62,2,2,0,895470,754702,895470,,,,,存在独立产物或源目录；暂无完整替代证据，保留并展开后续音频依赖。,
cv_zh_noise_musan_music_hotwords@eval-20260804,retain,评测入口,catalog/open_audio_eval.jsonl:84,2,2,0,960048,819280,819280,cv_zh_noise_musan_music@eval-20260804,,,,存在独立产物或源目录；暂无完整替代证据，保留并展开后续音频依赖。,
cv_zh_noise_musan_noise@eval-20260804,retain,评测入口,catalog/open_audio_eval.jsonl:61,2,2,0,895469,754702,895469,,,,,存在独立产物或源目录；暂无完整替代证据，保留并展开后续音频依赖。,
cv_zh_noise_musan_noise_hotwords@eval-20260804,retain,评测入口,catalog/open_audio_eval.jsonl:83,2,2,0,960047,819280,819280,cv_zh_noise_musan_noise@eval-20260804,,,,存在独立产物或源目录；暂无完整替代证据，保留并展开后续音频依赖。,
cv_zh_noise_musan_speech@eval-20260804,retain,评测入口,catalog/open_audio_eval.jsonl:63,2,2,0,895518,754703,895518,,,,,存在独立产物或源目录；暂无完整替代证据，保留并展开后续音频依赖。,
cv_zh_noise_musan_speech_hotwords@eval-20260804,retain,评测入口,catalog/open_audio_eval.jsonl:85,2,2,0,960096,819281,819281,cv_zh_noise_musan_speech@eval-20260804,,,,存在独立产物或源目录；暂无完整替代证据，保留并展开后续音频依赖。,
cv_zh_noise_wham@eval-20260804,retain,评测入口,catalog/open_audio_eval.jsonl:67,2,2,0,894970,754695,894970,,,,,存在独立产物或源目录；暂无完整替代证据，保留并展开后续音频依赖。,
cv_zh_noise_wham_hotwords@eval-20260804,retain,评测入口,catalog/open_audio_eval.jsonl:89,2,2,0,959548,819273,819273,cv_zh_noise_wham@eval-20260804,,,,存在独立产物或源目录；暂无完整替代证据，保留并展开后续音频依赖。,
cv_zh_rir_rirmega@eval-20260804,retain,评测入口,catalog/open_audio_eval.jsonl:60,2,2,0,894986,754696,894986,,,,,存在独立产物或源目录；暂无完整替代证据，保留并展开后续音频依赖。,
cv_zh_rir_rirmega_hotwords@eval-20260804,retain,评测入口,catalog/open_audio_eval.jsonl:82,2,2,0,959564,819274,819274,cv_zh_rir_rirmega@eval-20260804,,,,存在独立产物或源目录；暂无完整替代证据，保留并展开后续音频依赖。,
cv_zh_rir_slr26@eval-20260804,retain,评测入口,catalog/open_audio_eval.jsonl:57,2,2,0,894790,754694,894790,,,,,存在独立产物或源目录；暂无完整替代证据，保留并展开后续音频依赖。,
cv_zh_rir_slr26_hotwords@eval-20260804,retain,评测入口,catalog/open_audio_eval.jsonl:79,2,2,0,959368,819272,819272,cv_zh_rir_slr26@eval-20260804,,,,存在独立产物或源目录；暂无完整替代证据，保留并展开后续音频依赖。,
cv_zh_rir_slr28_real@eval-20260804,retain,评测入口,catalog/open_audio_eval.jsonl:59,2,2,0,895164,754699,895164,,,,,存在独立产物或源目录；暂无完整替代证据，保留并展开后续音频依赖。,
cv_zh_rir_slr28_real_hotwords@eval-20260804,retain,评测入口,catalog/open_audio_eval.jsonl:81,2,2,0,959742,819277,819277,cv_zh_rir_slr28_real@eval-20260804,,,,存在独立产物或源目录；暂无完整替代证据，保留并展开后续音频依赖。,
cv_zh_rir_slr28_sim@eval-20260804,retain,评测入口,catalog/open_audio_eval.jsonl:58,2,2,0,895161,754698,895161,,,,,存在独立产物或源目录；暂无完整替代证据，保留并展开后续音频依赖。,
cv_zh_rir_slr28_sim_hotwords@eval-20260804,retain,评测入口,catalog/open_audio_eval.jsonl:80,2,2,0,959739,819276,819276,cv_zh_rir_slr28_sim@eval-20260804,,,,存在独立产物或源目录；暂无完整替代证据，保留并展开后续音频依赖。,
emilia_en@legacy,retain,源数据或独立产物,catalog/legacy_multilingual.jsonl:17,1,0,1,0,0,0,,,,,存在独立产物或源目录；暂无完整替代证据，保留并展开后续音频依赖。,
emilia_ja@legacy,retain,源数据或独立产物,catalog/legacy_multilingual.jsonl:28,1,0,1,0,0,0,,,,,存在独立产物或源目录；暂无完整替代证据，保留并展开后续音频依赖。,
emilia_ko@legacy,retain,源数据或独立产物,catalog/legacy_multilingual.jsonl:32,1,0,1,0,0,0,,,,,存在独立产物或源目录；暂无完整替代证据，保留并展开后续音频依赖。,
emilia_zh@icefall-20260908,retain,运行快照,catalog/icefall_runtime.jsonl:17,1,1,0,1173986892,0,1173986892,,,,,存在独立产物或源目录；暂无完整替代证据，保留并展开后续音频依赖。,
emilia_zh@legacy,retain,源数据或独立产物,catalog/legacy_multilingual.jsonl:41,1,0,1,0,0,0,,,,,存在独立产物或源目录；暂无完整替代证据，保留并展开后续音频依赖。,
emilia_zh@legacy-20260804,reference_only,历史基础入口,catalog/icefall_base.jsonl:12,1,1,0,1173986892,0,0,emilia_zh@icefall-20260908,,emilia_zh@icefall-20260908,,全部直接产物由所列保留版本覆盖；保留声明、划分及视图，只合并物理备份。,
emotion1200_en_sec@eval-20260804,retain,评测入口,catalog/open_audio_eval.jsonl:32,2,2,0,442645,351484,442645,,,,,存在独立产物或源目录；暂无完整替代证据，保留并展开后续音频依赖。,
emotion1200_en_sepc@eval-20260804,retain,评测入口,catalog/open_audio_eval.jsonl:34,2,2,0,684171,593010,593010,emotion1200_en_sec@eval-20260804,,,,存在独立产物或源目录；暂无完整替代证据，保留并展开后续音频依赖。,
emotion1200_en_ser@eval-20260804,retain,评测入口,catalog/open_audio_eval.jsonl:30,2,2,0,174078,82917,82917,emotion1200_en_sec@eval-20260804,,,,存在独立产物或源目录；暂无完整替代证据，保留并展开后续音频依赖。,
emotion1200_zh_sec@eval-20260804,retain,评测入口,catalog/open_audio_eval.jsonl:33,2,2,0,506121,393625,506121,,,,,存在独立产物或源目录；暂无完整替代证据，保留并展开后续音频依赖。,
emotion1200_zh_sepc@eval-20260804,retain,评测入口,catalog/open_audio_eval.jsonl:35,2,2,0,726010,613514,613514,emotion1200_zh_sec@eval-20260804,,,,存在独立产物或源目录；暂无完整替代证据，保留并展开后续音频依赖。,
emotion1200_zh_ser@eval-20260804,retain,评测入口,catalog/open_audio_eval.jsonl:31,2,2,0,218328,105832,105832,emotion1200_zh_sec@eval-20260804,,,,存在独立产物或源目录；暂无完整替代证据，保留并展开后续音频依赖。,
fleurs_ar@legacy,retain,源数据或独立产物,catalog/legacy_multilingual.jsonl:2,1,0,1,0,0,0,,,,,存在独立产物或源目录；暂无完整替代证据，保留并展开后续音频依赖。,
fleurs_bn@legacy,retain,源数据或独立产物,catalog/legacy_multilingual.jsonl:8,1,0,1,0,0,0,,,,,存在独立产物或源目录；暂无完整替代证据，保留并展开后续音频依赖。,
fleurs_de@legacy,retain,源数据或独立产物,catalog/legacy_multilingual.jsonl:13,1,0,1,0,0,0,,,,,存在独立产物或源目录；暂无完整替代证据，保留并展开后续音频依赖。,
fleurs_en@legacy,retain,源数据或独立产物,catalog/legacy_multilingual.jsonl:16,1,0,1,0,0,0,,,,,存在独立产物或源目录；暂无完整替代证据，保留并展开后续音频依赖。,
fleurs_es@legacy,retain,源数据或独立产物,catalog/legacy_multilingual.jsonl:19,1,0,1,0,0,0,,,,,存在独立产物或源目录；暂无完整替代证据，保留并展开后续音频依赖。,
fleurs_fr@legacy,retain,源数据或独立产物,catalog/legacy_multilingual.jsonl:24,1,0,1,0,0,0,,,,,存在独立产物或源目录；暂无完整替代证据，保留并展开后续音频依赖。,
fleurs_ja@legacy,retain,源数据或独立产物,catalog/legacy_multilingual.jsonl:29,1,0,1,0,0,0,,,,,存在独立产物或源目录；暂无完整替代证据，保留并展开后续音频依赖。,
fleurs_ko@legacy,retain,源数据或独立产物,catalog/legacy_multilingual.jsonl:33,1,0,1,0,0,0,,,,,存在独立产物或源目录；暂无完整替代证据，保留并展开后续音频依赖。,
fleurs_ru@legacy,retain,源数据或独立产物,catalog/legacy_multilingual.jsonl:37,1,0,1,0,0,0,,,,,存在独立产物或源目录；暂无完整替代证据，保留并展开后续音频依赖。,
fleurs_zh@icefall-20260908,retain,运行快照,catalog/icefall_runtime.jsonl:31,6,6,0,385123,0,385123,,,,,存在独立产物或源目录；暂无完整替代证据，保留并展开后续音频依赖。,
fleurs_zh@legacy,retain,源数据或独立产物,catalog/legacy_multilingual.jsonl:40,1,0,1,0,0,0,,,,,存在独立产物或源目录；暂无完整替代证据，保留并展开后续音频依赖。,
fleurs_zh@legacy-20260804,reference_only,历史基础入口,catalog/icefall_base.jsonl:26,6,6,0,385123,0,0,fleurs_zh@icefall-20260908,,fleurs_zh@icefall-20260908,,全部直接产物由所列保留版本覆盖；保留声明、划分及视图，只合并物理备份。,
gigaspeech2@hf-8dc0d0e502b7,retain,下载来源声明,catalog/download_queue.jsonl:6,1,0,1,0,0,0,,,,,存在独立产物或源目录；暂无完整替代证据，保留并展开后续音频依赖。,
gigaspeech2_id@local-20260805,retain,源数据或独立产物,catalog/local_lhotse_derived.jsonl:1,2,2,0,80439719,58672144,80439719,,gigaspeech2_id/hotwords@v1-20260805:source,,,存在独立产物或源目录；暂无完整替代证据，保留并展开后续音频依赖。,
gigaspeech2_id_hotwords@hotwords-v1-20260805,retain,清洗或热词视图,catalog/local_lhotse_derived.jsonl:2,2,2,0,28544960,6777385,6777385,gigaspeech2_id@local-20260805,gigaspeech2_id/hotwords@v1-20260805:result,,,存在独立产物或源目录；暂无完整替代证据，保留并展开后续音频依赖。,
gigaspeech@eval-20260804,reference_only,评测入口,catalog/open_audio_eval.jsonl:8,2,2,0,1195945,0,0,gigaspeech@icefall-20260908,,,,全部直接产物由所列保留版本覆盖；保留声明、划分及视图，只合并物理备份。,
gigaspeech@icefall-20260908,retain,运行快照,catalog/icefall_runtime.jsonl:3,6,6,0,339347669,0,339347669,,,,,存在独立产物或源目录；暂无完整替代证据，保留并展开后续音频依赖。,
gigaspeech@legacy-20260804,reference_only,历史基础入口,catalog/icefall_base.jsonl:3,6,6,0,339347669,0,0,gigaspeech@icefall-20260908,,gigaspeech@icefall-20260908,,全部直接产物由所列保留版本覆盖；保留声明、划分及视图，只合并物理备份。,
granary@hf-0fe23a860e35,hold,下载来源声明,catalog/download_queue.jsonl:7,1,0,0,0,0,0,,,,unconfigured_root,路径未就绪或大小与登记不符；不作为可替代版本。,
icefall_v10_farfield_replay@prepared-20260908,retain,训练混合配方,catalog/icefall_v10_replay.jsonl:1,1828,1828,0,3184280463,3184280463,3184280463,,,,,存在独立产物或源目录；暂无完整替代证据，保留并展开后续音频依赖。,"当前回放配方引用 1,828 个文件，共 3,184,280,463 bytes；保留配方和当前划分，未来验证可复现后再考虑仅留配方。"
iemocap_ser@eval-20260804,retain,评测入口,catalog/open_audio_eval.jsonl:28,2,2,0,46832,46832,46832,,,,,存在独立产物或源目录；暂无完整替代证据，保留并展开后续音频依赖。,
indicvoices@hf-c96f9088f138,retain,源数据或独立产物,catalog/multilingual_multispeaker.jsonl:2,1,0,1,0,0,0,,,,,存在独立产物或源目录；暂无完整替代证据，保留并展开后续音频依赖。,
kespeech@eval-20260804,reference_only,评测入口,catalog/open_audio_eval.jsonl:5,2,2,0,1268269,0,0,kespeech@icefall-20260908,,,,全部直接产物由所列保留版本覆盖；保留声明、划分及视图，只合并物理备份。,
kespeech@icefall-20260908,retain,运行快照,catalog/icefall_runtime.jsonl:25,11,11,0,58046257,0,58046257,,,,,存在独立产物或源目录；暂无完整替代证据，保留并展开后续音频依赖。,
kespeech@legacy-20260804,reference_only,历史基础入口,catalog/icefall_base.jsonl:20,10,10,0,57104365,0,0,kespeech@icefall-20260908,kespeech/clean@v1-20260805:source;kespeech/hotwords@v1-20260805:source,kespeech@icefall-20260908,,全部直接产物由所列保留版本覆盖；保留声明、划分及视图，只合并物理备份。,
kespeech_clean@clean-v1-20260805,reference_only,清洗或热词视图,catalog/local_lhotse_derived.jsonl:3,2,2,0,1314441,0,0,kespeech@icefall-20260908,kespeech/clean@v1-20260805:result,,,全部直接产物由所列保留版本覆盖；保留声明、划分及视图，只合并物理备份。,
kespeech_hotwords@hotwords-v1-20260805,retain,清洗或热词视图,catalog/local_lhotse_derived.jsonl:4,2,2,0,1354883,982334,982334,kespeech@icefall-20260908,kespeech/hotwords@v1-20260805:result,,,存在独立产物或源目录；暂无完整替代证据，保留并展开后续音频依赖。,
koreaspeech@legacy,retain,源数据或独立产物,catalog/legacy_multilingual.jsonl:34,1,0,1,0,0,0,,,,,存在独立产物或源目录；暂无完整替代证据，保留并展开后续音频依赖。,
legco_speech@icefall-20260908,retain,运行快照,catalog/icefall_runtime.jsonl:37,2,2,0,934181073,0,934181073,,,,,存在独立产物或源目录；暂无完整替代证据，保留并展开后续音频依赖。,
legco_speech@legacy-20260804,reference_only,历史基础入口,catalog/icefall_base.jsonl:32,2,2,0,934181073,0,0,legco_speech@icefall-20260908,,legco_speech@icefall-20260908,,全部直接产物由所列保留版本覆盖；保留声明、划分及视图，只合并物理备份。,
legco_speech_en@icefall-20260908,retain,运行快照,catalog/icefall_runtime.jsonl:38,2,2,0,11008167,0,11008167,,,,,存在独立产物或源目录；暂无完整替代证据，保留并展开后续音频依赖。,
legco_speech_en@legacy-20260804,reference_only,历史基础入口,catalog/icefall_base.jsonl:33,2,2,0,11008167,0,0,legco_speech_en@icefall-20260908,,legco_speech_en@icefall-20260908,,全部直接产物由所列保留版本覆盖；保留声明、划分及视图，只合并物理备份。,
lemas@hf-91f0c1b9a29f,hold,下载来源声明,catalog/download_queue.jsonl:9,1,0,0,0,0,0,,,,unconfigured_root,路径未就绪或大小与登记不符；不作为可替代版本。,
libri2mix_lib@eval-20260804,retain,评测入口,catalog/open_audio_eval.jsonl:39,1,1,0,1396582,1396582,1396582,,,,,存在独立产物或源目录；暂无完整替代证据，保留并展开后续音频依赖。,
libri2mix_snrp10@eval-20260804,retain,评测入口,catalog/open_audio_eval.jsonl:43,1,1,0,1395365,1395365,1395365,,,,,存在独立产物或源目录；暂无完整替代证据，保留并展开后续音频依赖。,
libri2mix_snrp5@eval-20260804,retain,评测入口,catalog/open_audio_eval.jsonl:41,1,1,0,1394267,1394267,1394267,,,,,存在独立产物或源目录；暂无完整替代证据，保留并展开后续音频依赖。,
libri2mix_tsstyle@eval-20260804,retain,评测入口,catalog/open_audio_eval.jsonl:36,1,1,0,1350415,1350415,1350415,,,,,存在独立产物或源目录；暂无完整替代证据，保留并展开后续音频依赖。,
libri3mix_lib@eval-20260804,retain,评测入口,catalog/open_audio_eval.jsonl:40,1,1,0,2226329,2226329,2226329,,,,,存在独立产物或源目录；暂无完整替代证据，保留并展开后续音频依赖。,
libri3mix_snrp10@eval-20260804,retain,评测入口,catalog/open_audio_eval.jsonl:44,1,1,0,2225096,2225096,2225096,,,,,存在独立产物或源目录；暂无完整替代证据，保留并展开后续音频依赖。,
libri3mix_snrp5@eval-20260804,retain,评测入口,catalog/open_audio_eval.jsonl:42,1,1,0,2222556,2222556,2222556,,,,,存在独立产物或源目录；暂无完整替代证据，保留并展开后续音频依赖。,
libri3mix_tsstyle@eval-20260804,retain,评测入口,catalog/open_audio_eval.jsonl:37,1,1,0,2498911,2498911,2498911,,,,,存在独立产物或源目录；暂无完整替代证据，保留并展开后续音频依赖。,
librispeech@eval-20260804,reference_only,评测入口,catalog/open_audio_eval.jsonl:19,4,4,0,381009,0,0,librispeech@icefall-20260908,,,,全部直接产物由所列保留版本覆盖；保留声明、划分及视图，只合并物理备份。,
librispeech@icefall-20260908,retain,运行快照,catalog/icefall_runtime.jsonl:1,14,14,0,27631819,0,27631819,,,,,存在独立产物或源目录；暂无完整替代证据，保留并展开后续音频依赖。,
librispeech@legacy-20260804,reference_only,历史基础入口,catalog/icefall_base.jsonl:1,14,14,0,27631819,0,0,librispeech@icefall-20260908,,librispeech@icefall-20260908,,全部直接产物由所列保留版本覆盖；保留声明、划分及视图，只合并物理备份。,
librispeech_test_clean@eval-20260804,reference_only,评测入口,catalog/open_audio_eval.jsonl:21,2,2,0,189048,0,0,librispeech@icefall-20260908,,,,全部直接产物由所列保留版本覆盖；保留声明、划分及视图，只合并物理备份。,
librispeech_test_clean_hotwords@eval-20260804,retain,评测入口,catalog/open_audio_eval.jsonl:17,2,2,0,213854,178259,178259,librispeech@icefall-20260908,,,,存在独立产物或源目录；暂无完整替代证据，保留并展开后续音频依赖。,
librispeech_test_other@eval-20260804,reference_only,评测入口,catalog/open_audio_eval.jsonl:22,2,2,0,191961,0,0,librispeech@icefall-20260908,,,,全部直接产物由所列保留版本覆盖；保留声明、划分及视图，只合并物理备份。,
librispeech_test_other_hotwords@eval-20260804,retain,评测入口,catalog/open_audio_eval.jsonl:18,2,2,0,214315,175067,175067,librispeech@icefall-20260908,,,,存在独立产物或源目录；暂无完整替代证据，保留并展开后续音频依赖。,
librispeech_traffic_snr0@icefall-20260908,retain,运行快照,catalog/icefall_runtime.jsonl:49,2,2,0,897866,0,897866,,,,,存在独立产物或源目录；暂无完整替代证据，保留并展开后续音频依赖。,
librispeech_traffic_snr0@recipe-1,reference_only,噪声派生配方,catalog/icefall_traffic_derived.jsonl:1,2,2,0,897866,0,0,librispeech_traffic_snr0@icefall-20260908,,librispeech_traffic_snr0@icefall-20260908,,全部直接产物由所列保留版本覆盖；保留声明、划分及视图，只合并物理备份。,
librispeech_traffic_snr10@icefall-20260908,retain,运行快照,catalog/icefall_runtime.jsonl:57,2,2,0,898298,0,898298,,,,,存在独立产物或源目录；暂无完整替代证据，保留并展开后续音频依赖。,
librispeech_traffic_snr10@recipe-1,reference_only,噪声派生配方,catalog/icefall_traffic_derived.jsonl:9,2,2,0,898298,0,0,librispeech_traffic_snr10@icefall-20260908,,librispeech_traffic_snr10@icefall-20260908,,全部直接产物由所列保留版本覆盖；保留声明、划分及视图，只合并物理备份。,
librispeech_traffic_snr15@icefall-20260908,retain,运行快照,catalog/icefall_runtime.jsonl:61,2,2,0,897219,0,897219,,,,,存在独立产物或源目录；暂无完整替代证据，保留并展开后续音频依赖。,
librispeech_traffic_snr15@recipe-1,reference_only,噪声派生配方,catalog/icefall_traffic_derived.jsonl:13,2,2,0,897219,0,0,librispeech_traffic_snr15@icefall-20260908,,librispeech_traffic_snr15@icefall-20260908,,全部直接产物由所列保留版本覆盖；保留声明、划分及视图，只合并物理备份。,
librispeech_traffic_snr20@icefall-20260908,retain,运行快照,catalog/icefall_runtime.jsonl:65,2,2,0,897868,0,897868,,,,,存在独立产物或源目录；暂无完整替代证据，保留并展开后续音频依赖。,
librispeech_traffic_snr20@recipe-1,reference_only,噪声派生配方,catalog/icefall_traffic_derived.jsonl:17,2,2,0,897868,0,0,librispeech_traffic_snr20@icefall-20260908,,librispeech_traffic_snr20@icefall-20260908,,全部直接产物由所列保留版本覆盖；保留声明、划分及视图，只合并物理备份。,
librispeech_traffic_snr5@icefall-20260908,retain,运行快照,catalog/icefall_runtime.jsonl:53,2,2,0,899085,0,899085,,,,,存在独立产物或源目录；暂无完整替代证据，保留并展开后续音频依赖。,
librispeech_traffic_snr5@recipe-1,reference_only,噪声派生配方,catalog/icefall_traffic_derived.jsonl:5,2,2,0,899085,0,0,librispeech_traffic_snr5@icefall-20260908,,librispeech_traffic_snr5@icefall-20260908,,全部直接产物由所列保留版本覆盖；保留声明、划分及视图，只合并物理备份。,
m3ed_ser@eval-20260804,retain,评测入口,catalog/open_audio_eval.jsonl:26,2,2,0,210070,210070,210070,,,,,存在独立产物或源目录；暂无完整替代证据，保留并展开后续音频依赖。,
magicdata@eval-20260804,reference_only,评测入口,catalog/open_audio_eval.jsonl:4,2,2,0,957971,0,0,magicdata@icefall-20260908,,,,全部直接产物由所列保留版本覆盖；保留声明、划分及视图，只合并物理备份。,
magicdata@icefall-20260908,retain,运行快照,catalog/icefall_runtime.jsonl:23,6,6,0,24209681,0,24209681,,,,,存在独立产物或源目录；暂无完整替代证据，保留并展开后续音频依赖。,
magicdata@legacy-20260804,reference_only,历史基础入口,catalog/icefall_base.jsonl:18,6,6,0,24209681,0,0,magicdata@icefall-20260908,magicdata/hotwords@v1-20260805:source,magicdata@icefall-20260908,,全部直接产物由所列保留版本覆盖；保留声明、划分及视图，只合并物理备份。,
magicdata_hotwords@hotwords-v1-20260805,retain,清洗或热词视图,catalog/local_lhotse_derived.jsonl:5,2,2,0,23882612,17680696,17680696,magicdata@icefall-20260908,magicdata/hotwords@v1-20260805:result,,,存在独立产物或源目录；暂无完整替代证据，保留并展开后续音频依赖。,
magicdata_ramc@icefall-20260908,retain,运行快照,catalog/icefall_runtime.jsonl:24,6,6,0,9079812,0,9079812,,,,,存在独立产物或源目录；暂无完整替代证据，保留并展开后续音频依赖。,
magicdata_ramc@legacy-20260804,reference_only,历史基础入口,catalog/icefall_base.jsonl:19,6,6,0,9079812,0,0,magicdata_ramc@icefall-20260908,,magicdata_ramc@icefall-20260908,,全部直接产物由所列保留版本覆盖；保留声明、划分及视图，只合并物理备份。,
mdcc@icefall-20260908,retain,运行快照,catalog/icefall_runtime.jsonl:39,6,6,0,6631122,0,6631122,,,,,存在独立产物或源目录；暂无完整替代证据，保留并展开后续音频依赖。,
mdcc@legacy-20260804,reference_only,历史基础入口,catalog/icefall_base.jsonl:34,6,6,0,6631122,0,0,mdcc@icefall-20260908,,mdcc@icefall-20260908,,全部直接产物由所列保留版本覆盖；保留声明、划分及视图，只合并物理备份。,
mdcc_traffic_snr0@icefall-20260908,retain,运行快照,catalog/icefall_runtime.jsonl:51,1,1,0,1983502,0,1983502,,,,,存在独立产物或源目录；暂无完整替代证据，保留并展开后续音频依赖。,
mdcc_traffic_snr0@recipe-1,reference_only,噪声派生配方,catalog/icefall_traffic_derived.jsonl:3,1,1,0,1983502,0,0,mdcc_traffic_snr0@icefall-20260908,,mdcc_traffic_snr0@icefall-20260908,,全部直接产物由所列保留版本覆盖；保留声明、划分及视图，只合并物理备份。,
mdcc_traffic_snr10@icefall-20260908,retain,运行快照,catalog/icefall_runtime.jsonl:59,1,1,0,1982917,0,1982917,,,,,存在独立产物或源目录；暂无完整替代证据，保留并展开后续音频依赖。,
mdcc_traffic_snr10@recipe-1,reference_only,噪声派生配方,catalog/icefall_traffic_derived.jsonl:11,1,1,0,1982917,0,0,mdcc_traffic_snr10@icefall-20260908,,mdcc_traffic_snr10@icefall-20260908,,全部直接产物由所列保留版本覆盖；保留声明、划分及视图，只合并物理备份。,
mdcc_traffic_snr15@icefall-20260908,retain,运行快照,catalog/icefall_runtime.jsonl:63,1,1,0,1984276,0,1984276,,,,,存在独立产物或源目录；暂无完整替代证据，保留并展开后续音频依赖。,
mdcc_traffic_snr15@recipe-1,reference_only,噪声派生配方,catalog/icefall_traffic_derived.jsonl:15,1,1,0,1984276,0,0,mdcc_traffic_snr15@icefall-20260908,,mdcc_traffic_snr15@icefall-20260908,,全部直接产物由所列保留版本覆盖；保留声明、划分及视图，只合并物理备份。,
mdcc_traffic_snr20@icefall-20260908,retain,运行快照,catalog/icefall_runtime.jsonl:67,1,1,0,1983458,0,1983458,,,,,存在独立产物或源目录；暂无完整替代证据，保留并展开后续音频依赖。,
mdcc_traffic_snr20@recipe-1,reference_only,噪声派生配方,catalog/icefall_traffic_derived.jsonl:19,1,1,0,1983458,0,0,mdcc_traffic_snr20@icefall-20260908,,mdcc_traffic_snr20@icefall-20260908,,全部直接产物由所列保留版本覆盖；保留声明、划分及视图，只合并物理备份。,
mdcc_traffic_snr5@icefall-20260908,retain,运行快照,catalog/icefall_runtime.jsonl:55,1,1,0,1983785,0,1983785,,,,,存在独立产物或源目录；暂无完整替代证据，保留并展开后续音频依赖。,
mdcc_traffic_snr5@recipe-1,reference_only,噪声派生配方,catalog/icefall_traffic_derived.jsonl:7,1,1,0,1983785,0,0,mdcc_traffic_snr5@icefall-20260908,,mdcc_traffic_snr5@icefall-20260908,,全部直接产物由所列保留版本覆盖；保留声明、划分及视图，只合并物理备份。,
meld_ser@eval-20260804,retain,评测入口,catalog/open_audio_eval.jsonl:27,2,2,0,139948,139948,139948,,,,,存在独立产物或源目录；暂无完整替代证据，保留并展开后续音频依赖。,
mgb2@legacy,retain,源数据或独立产物,catalog/legacy_multilingual.jsonl:3,1,0,1,0,0,0,,,,,存在独立产物或源目录；暂无完整替代证据，保留并展开后续音频依赖。,
mls@eval-20260804,reference_only,评测入口,catalog/open_audio_eval.jsonl:9,2,2,0,412690,0,0,mls@icefall-20260908,,,,全部直接产物由所列保留版本覆盖；保留声明、划分及视图，只合并物理备份。,
mls@icefall-20260908,retain,运行快照,catalog/icefall_runtime.jsonl:2,6,6,0,1163098975,0,1163098975,,,,,存在独立产物或源目录；暂无完整替代证据，保留并展开后续音频依赖。,
mls@legacy-20260804,reference_only,历史基础入口,catalog/icefall_base.jsonl:2,6,6,0,1163098975,0,0,mls@icefall-20260908,,mls@icefall-20260908,,全部直接产物由所列保留版本覆盖；保留声明、划分及视图，只合并物理备份。,
mls_de@legacy,retain,源数据或独立产物,catalog/legacy_multilingual.jsonl:14,1,0,1,0,0,0,,,,,存在独立产物或源目录；暂无完整替代证据，保留并展开后续音频依赖。,
mls_es@legacy,retain,源数据或独立产物,catalog/legacy_multilingual.jsonl:20,1,0,1,0,0,0,,,,,存在独立产物或源目录；暂无完整替代证据，保留并展开后续音频依赖。,
mls_fr@legacy,retain,源数据或独立产物,catalog/legacy_multilingual.jsonl:25,1,0,1,0,0,0,,,,,存在独立产物或源目录；暂无完整替代证据，保留并展开后续音频依赖。,
msp_podcast_ser@eval-20260804,retain,评测入口,catalog/open_audio_eval.jsonl:29,4,4,0,1365834,1365834,1365834,,,,,存在独立产物或源目录；暂无完整替代证据，保留并展开后续音频依赖。,
multi-talker-sd@hf-be2d372003fd,retain,源数据或独立产物,catalog/multilingual_multispeaker.jsonl:3,3,0,3,0,0,0,,,,,存在独立产物或源目录；暂无完整替代证据，保留并展开后续音频依赖。,
notsofar@hf-ba8fd0f034ce-recorded-240825.1,retain,源数据或独立产物,catalog/multilingual_multispeaker.jsonl:5,3,0,3,0,0,0,,,,,存在独立产物或源目录；暂无完整替代证据，保留并展开后续音频依赖。,
notsofar@hf-ba8fd0f034ce-sim-v1.5-200h,retain,源数据或独立产物,catalog/multilingual_multispeaker.jsonl:6,2,0,2,0,0,0,,,,,存在独立产物或源目录；暂无完整替代证据，保留并展开后续音频依赖。,
notsofar_sdm@icefall-20260908,retain,运行快照,catalog/icefall_runtime.jsonl:46,6,6,0,28091646,28091646,28091646,,,,,存在独立产物或源目录；暂无完整替代证据，保留并展开后续音频依赖。,
omnilingual-asr-corpus@hf-8648ba894637,hold,下载来源声明,catalog/download_queue.jsonl:8,1,0,0,0,0,0,,,,unconfigured_root,路径未就绪或大小与登记不符；不作为可替代版本。,
open_large_bn@legacy,retain,源数据或独立产物,catalog/legacy_multilingual.jsonl:9,1,0,1,0,0,0,,,,,存在独立产物或源目录；暂无完整替代证据，保留并展开后续音频依赖。,
police_robust_monitor@icefall-20260908,retain,运行快照,catalog/icefall_runtime.jsonl:69,8,8,0,61545,61545,61545,,,,,存在独立产物或源目录；暂无完整替代证据，保留并展开后续音频依赖。,
police_synthetic_zh_accent@icefall-20260908,retain,运行快照,catalog/icefall_runtime.jsonl:11,8,8,0,3678481,0,3678481,,,,,存在独立产物或源目录；暂无完整替代证据，保留并展开后续音频依赖。,此入口实际引用 v3 训练与 v2 测试；与 police_terms_v5 的 v5 划分入口并存。derived_from 指向 v5 与实际引用不一致，但 v5 源文件确实存在。
police_synthetic_zh_accent@v1-20260817,retain,合成源数据,catalog/synthetic_asr.jsonl:1,8,8,0,53316614,48391985,53316614,,,,,存在独立产物或源目录；暂无完整替代证据，保留并展开后续音频依赖。,"20,000 条源音频也被 v2 的 train 引用；保留独有元数据，音频只备份一次。"
police_synthetic_zh_accent@v2-20260818,retain,合成源数据,catalog/synthetic_asr.jsonl:2,15,15,0,14176593,8354749,8354749,police_synthetic_zh_accent@icefall-20260908;police_synthetic_zh_accent@v1-20260817,,,,存在独立产物或源目录；暂无完整替代证据，保留并展开后续音频依赖。,"复用 v1 的 20,000 条训练音频，新增 2,000 条测试音频；当前运行快照依赖此测试集。"
police_synthetic_zh_accent@v3-20260820,retain,合成源数据,catalog/synthetic_asr.jsonl:3,10,10,0,45548961,42767695,42767695,police_synthetic_zh_accent@icefall-20260908,,,,存在独立产物或源目录；暂无完整替代证据，保留并展开后续音频依赖。,"14,093 条音频；此入口的训练源仍被运行快照和回放配方使用，与 police_terms_v5 的 v5 训练数据并存。"
police_synthetic_zh_accent@v5-20260830-qc,retain,合成源数据,catalog/synthetic_asr_v5_qc.jsonl:1,6,6,0,5308124,5308124,5308124,,,police_synthetic_zh_accent@v5-20260830-qwen75-cosy25,,文件路径已补正且完整性匹配登记；保留来源或选择清单，音频与派生版本共享。,"已补正遗漏的 LHOTSE/；6 个文件的大小、SHA-256 和记录数均匹配登记。14,423 个源音频存在；含未被选择版覆盖的 3,572 条，保留来源与独有音频。"
police_synthetic_zh_accent@v5-20260830-qwen75-cosy25,retain,合成源数据,catalog/synthetic_asr.jsonl:4,7,7,0,4576743,4576743,4576743,,,police_synthetic_zh_accent@icefall-20260908,,文件路径已补正且完整性匹配登记；保留来源或选择清单，音频与派生版本共享。,"已补正遗漏的 LHOTSE/；7 个文件完整性匹配登记。10,851 条音频均来自 QC 源；其中 1,730 条未进入当前划分版。保留选择清单，共享源音频。"
police_terms_v5@icefall-20260908,retain,运行快照,catalog/icefall_runtime.jsonl:12,4,4,0,1781255,1644354,1781255,,,,,存在独立产物或源目录；暂无完整替代证据，保留并展开后续音频依赖。,"当前训练入口，目录 v5-20260830-qwen75-cosy25-split80-10-10；train 7,878 条、dev 658 条。与 police_synthetic_zh_accent 同时出现在 v10/v11 训练脚本中；必须保留。"
police_terms_v5_dev@icefall-20260908,reference_only,运行快照,catalog/icefall_runtime.jsonl:13,2,2,0,136901,0,0,police_terms_v5@icefall-20260908,,,,全部直接产物由所列保留版本覆盖；保留声明、划分及视图，只合并物理备份。,保留评测别名；复用 police_terms_v5 的 658 条 dev 数据，reference_only 不表示排除开发集。
police_terms_v5_test@icefall-20260908,retain,运行快照,catalog/icefall_runtime.jsonl:14,2,2,0,122253,122253,122253,,,,,存在独立产物或源目录；暂无完整替代证据，保留并展开后续音频依赖。,"保留 v5 划分版独立的 585 条 test 数据。train/dev/test 共 9,121 条，源音频全部存在。"
primewords@icefall-20260908,retain,运行快照,catalog/icefall_runtime.jsonl:27,2,2,0,5458877,0,5458877,,,,,存在独立产物或源目录；暂无完整替代证据，保留并展开后续音频依赖。,
primewords@legacy-20260804,reference_only,历史基础入口,catalog/icefall_base.jsonl:22,2,2,0,5458877,0,0,primewords@icefall-20260908,,primewords@icefall-20260908,,全部直接产物由所列保留版本覆盖；保留声明、划分及视图，只合并物理备份。,
real_rir_slr28@prepared-20260908,retain,源数据或独立产物,catalog/icefall_runtime.jsonl:70,1,1,0,2402,2402,2402,,,,,存在独立产物或源目录；暂无完整替代证据，保留并展开后续音频依赖。,
realman@icefall-20260908,retain,源数据或独立产物,catalog/icefall_runtime.jsonl:48,120,119,0,258796455459,258796455459,258796455459,,,,,存在独立产物或源目录；暂无完整替代证据，保留并展开后续音频依赖。,
reazonspeech@hf-0df78f991f6a,hold,下载来源声明,catalog/download_queue.jsonl:10,1,0,0,0,0,0,,,,unconfigured_root,路径未就绪或大小与登记不符；不作为可替代版本。,
rulibrispeech_ru@legacy,retain,源数据或独立产物,catalog/legacy_multilingual.jsonl:38,1,0,1,0,0,0,,,,,存在独立产物或源目录；暂无完整替代证据，保留并展开后续音频依赖。,
singapore_english@icefall-20260908,retain,运行快照,catalog/icefall_runtime.jsonl:6,4,4,0,120840,0,120840,,,,,存在独立产物或源目录；暂无完整替代证据，保留并展开后续音频依赖。,
singapore_english@legacy-20260804,reference_only,历史基础入口,catalog/icefall_base.jsonl:6,4,4,0,120840,0,0,singapore_english@icefall-20260908,,singapore_english@icefall-20260908,,全部直接产物由所列保留版本覆盖；保留声明、划分及视图，只合并物理备份。,
singaporean@icefall-20260908,retain,运行快照,catalog/icefall_runtime.jsonl:5,2,2,0,5621,0,5621,,,,,存在独立产物或源目录；暂无完整替代证据，保留并展开后续音频依赖。,
singaporean@legacy-20260804,reference_only,历史基础入口,catalog/icefall_base.jsonl:5,2,2,0,5621,0,0,singaporean@icefall-20260908,,singaporean@icefall-20260908,,全部直接产物由所列保留版本覆盖；保留声明、划分及视图，只合并物理备份。,
slr37_bn@legacy,retain,源数据或独立产物,catalog/legacy_multilingual.jsonl:10,1,0,1,0,0,0,,,,,存在独立产物或源目录；暂无完整替代证据，保留并展开后续音频依赖。,
speechio@legacy,retain,源数据或独立产物,catalog/legacy_multilingual.jsonl:42,1,0,1,0,0,0,,,,,存在独立产物或源目录；暂无完整替代证据，保留并展开后续音频依赖。,
tal100_en@icefall-20260908,retain,运行快照,catalog/icefall_runtime.jsonl:7,6,6,0,222186,0,222186,,,,,存在独立产物或源目录；暂无完整替代证据，保留并展开后续音频依赖。,
tal100_en@legacy-20260804,reference_only,历史基础入口,catalog/icefall_base.jsonl:7,6,6,0,222186,0,0,tal100_en@icefall-20260908,,tal100_en@icefall-20260908,,全部直接产物由所列保留版本覆盖；保留声明、划分及视图，只合并物理备份。,
tal100_zh@icefall-20260908,retain,运行快照,catalog/icefall_runtime.jsonl:29,6,6,0,397576,0,397576,,,,,存在独立产物或源目录；暂无完整替代证据，保留并展开后续音频依赖。,
tal100_zh@legacy-20260804,reference_only,历史基础入口,catalog/icefall_base.jsonl:24,6,6,0,397576,0,0,tal100_zh@icefall-20260908,,tal100_zh@icefall-20260908,,全部直接产物由所列保留版本覆盖；保留声明、划分及视图，只合并物理备份。,
talcs@eval-20260804,reference_only,评测入口,catalog/open_audio_eval.jsonl:7,2,2,0,980650,0,0,talcs@icefall-20260908,,,,全部直接产物由所列保留版本覆盖；保留声明、划分及视图，只合并物理备份。,
talcs@icefall-20260908,retain,运行快照,catalog/icefall_runtime.jsonl:32,6,6,0,20540344,0,20540344,,,,,存在独立产物或源目录；暂无完整替代证据，保留并展开后续音频依赖。,
talcs@legacy-20260804,reference_only,历史基础入口,catalog/icefall_base.jsonl:27,6,6,0,20540344,0,0,talcs@icefall-20260908,talcs/hotwords@v1-20260805:source,talcs@icefall-20260908,,全部直接产物由所列保留版本覆盖；保留声明、划分及视图，只合并物理备份。,
talcs_hotwords@hotwords-v1-20260805,retain,清洗或热词视图,catalog/local_lhotse_derived.jsonl:6,2,2,0,20143608,15678401,15678401,talcs@icefall-20260908,talcs/hotwords@v1-20260805:result,,,存在独立产物或源目录；暂无完整替代证据，保留并展开后续音频依赖。,
talcs_traffic_snr0@icefall-20260908,retain,运行快照,catalog/icefall_runtime.jsonl:52,1,1,0,2391207,0,2391207,,,,,存在独立产物或源目录；暂无完整替代证据，保留并展开后续音频依赖。,
talcs_traffic_snr0@recipe-1,reference_only,噪声派生配方,catalog/icefall_traffic_derived.jsonl:4,1,1,0,2391207,0,0,talcs_traffic_snr0@icefall-20260908,,talcs_traffic_snr0@icefall-20260908,,全部直接产物由所列保留版本覆盖；保留声明、划分及视图，只合并物理备份。,
talcs_traffic_snr10@icefall-20260908,retain,运行快照,catalog/icefall_runtime.jsonl:60,1,1,0,2391863,0,2391863,,,,,存在独立产物或源目录；暂无完整替代证据，保留并展开后续音频依赖。,
talcs_traffic_snr10@recipe-1,reference_only,噪声派生配方,catalog/icefall_traffic_derived.jsonl:12,1,1,0,2391863,0,0,talcs_traffic_snr10@icefall-20260908,,talcs_traffic_snr10@icefall-20260908,,全部直接产物由所列保留版本覆盖；保留声明、划分及视图，只合并物理备份。,
talcs_traffic_snr15@icefall-20260908,retain,运行快照,catalog/icefall_runtime.jsonl:64,1,1,0,2389624,0,2389624,,,,,存在独立产物或源目录；暂无完整替代证据，保留并展开后续音频依赖。,
talcs_traffic_snr15@recipe-1,reference_only,噪声派生配方,catalog/icefall_traffic_derived.jsonl:16,1,1,0,2389624,0,0,talcs_traffic_snr15@icefall-20260908,,talcs_traffic_snr15@icefall-20260908,,全部直接产物由所列保留版本覆盖；保留声明、划分及视图，只合并物理备份。,
talcs_traffic_snr20@icefall-20260908,retain,运行快照,catalog/icefall_runtime.jsonl:68,1,1,0,2390446,0,2390446,,,,,存在独立产物或源目录；暂无完整替代证据，保留并展开后续音频依赖。,
talcs_traffic_snr20@recipe-1,reference_only,噪声派生配方,catalog/icefall_traffic_derived.jsonl:20,1,1,0,2390446,0,0,talcs_traffic_snr20@icefall-20260908,,talcs_traffic_snr20@icefall-20260908,,全部直接产物由所列保留版本覆盖；保留声明、划分及视图，只合并物理备份。,
talcs_traffic_snr5@icefall-20260908,retain,运行快照,catalog/icefall_runtime.jsonl:56,1,1,0,2391230,0,2391230,,,,,存在独立产物或源目录；暂无完整替代证据，保留并展开后续音频依赖。,
talcs_traffic_snr5@recipe-1,reference_only,噪声派生配方,catalog/icefall_traffic_derived.jsonl:8,1,1,0,2391230,0,0,talcs_traffic_snr5@icefall-20260908,,talcs_traffic_snr5@icefall-20260908,,全部直接产物由所列保留版本覆盖；保留声明、划分及视图，只合并物理备份。,
thchs30@eval-20260804,reference_only,评测入口,catalog/open_audio_eval.jsonl:6,2,2,0,161892,0,0,thchs30@icefall-20260908,,,,全部直接产物由所列保留版本覆盖；保留声明、划分及视图，只合并物理备份。,
thchs30@icefall-20260908,retain,运行快照,catalog/icefall_runtime.jsonl:22,6,6,0,1050632,0,1050632,,,,,存在独立产物或源目录；暂无完整替代证据，保留并展开后续音频依赖。,
thchs30@legacy-20260804,reference_only,历史基础入口,catalog/icefall_base.jsonl:17,6,6,0,1050632,0,0,thchs30@icefall-20260908,thchs30/hotwords@v1-20260805:source,thchs30@icefall-20260908,,全部直接产物由所列保留版本覆盖；保留声明、划分及视图，只合并物理备份。,
thchs30_hotwords@hotwords-v1-20260805,retain,清洗或热词视图,catalog/local_lhotse_derived.jsonl:17,2,2,0,919591,789686,789686,thchs30@icefall-20260908,thchs30/hotwords@v1-20260805:result,,,存在独立产物或源目录；暂无完整替代证据，保留并展开后续音频依赖。,
ts_hw_test_libristyle@eval-20260804,retain,评测入口,catalog/open_audio_eval.jsonl:38,1,1,0,1943743,1943743,1943743,,,,,存在独立产物或源目录；暂无完整替代证据，保留并展开后续音频依赖。,
vitw@icefall-20260908,retain,运行快照,catalog/icefall_runtime.jsonl:43,34,34,0,49415450,0,49415450,,,,,存在独立产物或源目录；暂无完整替代证据，保留并展开后续音频依赖。,
vitw@legacy-20260804,reference_only,历史基础入口,catalog/icefall_base.jsonl:38,34,34,0,49415450,0,0,vitw@icefall-20260908,,vitw@icefall-20260908,,全部直接产物由所列保留版本覆盖；保留声明、划分及视图，只合并物理备份。,
vitw_far_field@icefall-20260908,retain,运行快照,catalog/icefall_runtime.jsonl:47,2,2,0,3770203,3770203,3770203,,,,,存在独立产物或源目录；暂无完整替代证据，保留并展开后续音频依赖。,
vitw_real_distortion@eval-20260804,reference_only,评测入口,catalog/open_audio_eval.jsonl:90,2,2,0,11421,0,0,vitw@icefall-20260908,,,,全部直接产物由所列保留版本覆盖；保留声明、划分及视图，只合并物理备份。,
vitw_real_dropout@eval-20260804,reference_only,评测入口,catalog/open_audio_eval.jsonl:91,2,2,0,11404,0,0,vitw@icefall-20260908,,,,全部直接产物由所列保留版本覆盖；保留声明、划分及视图，只合并物理备份。,
vitw_real_echo@eval-20260804,reference_only,评测入口,catalog/open_audio_eval.jsonl:92,2,2,0,11422,0,0,vitw@icefall-20260908,,,,全部直接产物由所列保留版本覆盖；保留声明、划分及视图，只合并物理备份。,
vitw_real_far_field@eval-20260804,reference_only,评测入口,catalog/open_audio_eval.jsonl:93,2,2,0,11160,0,0,vitw@icefall-20260908,,,,全部直接产物由所列保留版本覆盖；保留声明、划分及视图，只合并物理备份。,
vitw_real_mixed@eval-20260804,reference_only,评测入口,catalog/open_audio_eval.jsonl:94,2,2,0,30874,0,0,vitw@icefall-20260908,,,,全部直接产物由所列保留版本覆盖；保留声明、划分及视图，只合并物理备份。,
vitw_real_noise@eval-20260804,reference_only,评测入口,catalog/open_audio_eval.jsonl:95,2,2,0,11645,0,0,vitw@icefall-20260908,,,,全部直接产物由所列保留版本覆盖；保留声明、划分及视图，只合并物理备份。,
vitw_real_obstructed@eval-20260804,reference_only,评测入口,catalog/open_audio_eval.jsonl:96,2,2,0,11469,0,0,vitw@icefall-20260908,,,,全部直接产物由所列保留版本覆盖；保留声明、划分及视图，只合并物理备份。,
vitw_real_recording@eval-20260804,reference_only,评测入口,catalog/open_audio_eval.jsonl:97,2,2,0,11298,0,0,vitw@icefall-20260908,,,,全部直接产物由所列保留版本覆盖；保留声明、划分及视图，只合并物理备份。,
vitw_syn_distortion@eval-20260804,reference_only,评测入口,catalog/open_audio_eval.jsonl:98,2,2,0,24905,0,0,vitw@icefall-20260908,,,,全部直接产物由所列保留版本覆盖；保留声明、划分及视图，只合并物理备份。,
vitw_syn_dropout@eval-20260804,reference_only,评测入口,catalog/open_audio_eval.jsonl:99,2,2,0,24856,0,0,vitw@icefall-20260908,,,,全部直接产物由所列保留版本覆盖；保留声明、划分及视图，只合并物理备份。,
vitw_syn_echo@eval-20260804,reference_only,评测入口,catalog/open_audio_eval.jsonl:100,2,2,0,24660,0,0,vitw@icefall-20260908,,,,全部直接产物由所列保留版本覆盖；保留声明、划分及视图，只合并物理备份。,
vitw_syn_far_field@eval-20260804,reference_only,评测入口,catalog/open_audio_eval.jsonl:101,2,2,0,24991,0,0,vitw@icefall-20260908,,,,全部直接产物由所列保留版本覆盖；保留声明、划分及视图，只合并物理备份。,
vitw_syn_mixed@eval-20260804,reference_only,评测入口,catalog/open_audio_eval.jsonl:102,2,2,0,69784,0,0,vitw@icefall-20260908,,,,全部直接产物由所列保留版本覆盖；保留声明、划分及视图，只合并物理备份。,
vitw_syn_noise@eval-20260804,reference_only,评测入口,catalog/open_audio_eval.jsonl:103,2,2,0,24501,0,0,vitw@icefall-20260908,,,,全部直接产物由所列保留版本覆盖；保留声明、划分及视图，只合并物理备份。,
vitw_syn_obstructed@eval-20260804,reference_only,评测入口,catalog/open_audio_eval.jsonl:104,2,2,0,24894,0,0,vitw@icefall-20260908,,,,全部直接产物由所列保留版本覆盖；保留声明、划分及视图，只合并物理备份。,
vitw_syn_recording@eval-20260804,reference_only,评测入口,catalog/open_audio_eval.jsonl:105,2,2,0,25340,0,0,vitw@icefall-20260908,,,,全部直接产物由所列保留版本覆盖；保留声明、划分及视图，只合并物理备份。,
waxal-asr@hf-e91442a8989b,retain,源数据或独立产物,catalog/multilingual_multispeaker.jsonl:4,2,0,2,0,0,0,,,,,存在独立产物或源目录；暂无完整替代证据，保留并展开后续音频依赖。,
wenetspeech4tts@icefall-20260908,retain,运行快照,catalog/icefall_runtime.jsonl:10,2,2,0,794524098,0,794524098,,,,,存在独立产物或源目录；暂无完整替代证据，保留并展开后续音频依赖。,
wenetspeech4tts@legacy-20260804,reference_only,历史基础入口,catalog/icefall_base.jsonl:9,2,2,0,794524098,0,0,wenetspeech4tts@icefall-20260908,,wenetspeech4tts@icefall-20260908,,全部直接产物由所列保留版本覆盖；保留声明、划分及视图，只合并物理备份。,
wenetspeech@clean-weak-v1-20260904,retain,清洗或热词视图,catalog/wenetspeech_weak.jsonl:2,3,3,0,317356301,315747326,317356301,,wenetspeech/clean@weak-v1-20260904:result,,,存在独立产物或源目录；暂无完整替代证据，保留并展开后续音频依赖。,
wenetspeech@eval-20260804,reference_only,评测入口,catalog/open_audio_eval.jsonl:20,4,4,0,1473042,0,0,wenetspeech@icefall-20260908,,,,全部直接产物由所列保留版本覆盖；保留声明、划分及视图，只合并物理备份。,
wenetspeech@icefall-20260908,retain,运行快照,catalog/icefall_runtime.jsonl:8,10,10,0,1646059423,0,1646059423,,,,,存在独立产物或源目录；暂无完整替代证据，保留并展开后续音频依赖。,
wenetspeech@legacy-20260804,reference_only,历史基础入口,catalog/icefall_base.jsonl:8,8,8,0,430402531,0,0,wenetspeech@icefall-20260908,wenetspeech/clean@v1-20260805:source;wenetspeech/clean@v3-20260828:source,,,全部直接产物由所列保留版本覆盖；保留声明、划分及视图，只合并物理备份。,
wenetspeech@weak-source-20260904,retain,源数据或独立产物,catalog/wenetspeech_weak.jsonl:1,2,2,0,134974751,133365776,133365776,wenetspeech@clean-weak-v1-20260904,wenetspeech/clean@weak-v1-20260904:source,wenetspeech@clean-weak-v1-20260904;wenetspeech@icefall-20260908,,存在独立产物或源目录；暂无完整替代证据，保留并展开后续音频依赖。,
wenetspeech_chuan@icefall-20260908,retain,运行快照,catalog/icefall_runtime.jsonl:15,1,1,0,583876218,0,583876218,,,,,存在独立产物或源目录；暂无完整替代证据，保留并展开后续音频依赖。,
wenetspeech_chuan@legacy-20260804,reference_only,历史基础入口,catalog/icefall_base.jsonl:10,1,1,0,583876218,0,0,wenetspeech_chuan@icefall-20260908,,wenetspeech_chuan@icefall-20260908,,全部直接产物由所列保留版本覆盖；保留声明、划分及视图，只合并物理备份。,
wenetspeech_clean@clean-v1-20260805,retain,清洗或热词视图,catalog/local_lhotse_derived.jsonl:7,2,2,0,542020839,540552956,540552956,wenetspeech@icefall-20260908,wenetspeech/clean@v1-20260805:result,,,存在独立产物或源目录；暂无完整替代证据，保留并展开后续音频依赖。,旧清洗标注仍被固定 v1 View 引用，与 v3 字节不同；暂保留历史标注，不单独复制音频。
wenetspeech_clean@clean-v3-20260828,reference_only,清洗或热词视图,catalog/local_lhotse_derived.jsonl:19,3,3,0,1217124775,0,0,wenetspeech@icefall-20260908,wenetspeech/clean@v3-20260828:result,,,全部直接产物由所列保留版本覆盖；保留声明、划分及视图，只合并物理备份。,当前运行快照已引用全部产物；保留独立清洗视图说明。
wenetspeech_disfluency@icefall-20260908,retain,运行快照,catalog/icefall_runtime.jsonl:9,2,2,0,13132669,11664786,11664786,wenetspeech@icefall-20260908,,,,存在独立产物或源目录；暂无完整替代证据，保留并展开后续音频依赖。,
wenetspeech_test_meeting@eval-20260804,reference_only,评测入口,catalog/open_audio_eval.jsonl:24,2,2,0,503276,0,0,wenetspeech@icefall-20260908,,,,全部直接产物由所列保留版本覆盖；保留声明、划分及视图，只合并物理备份。,
wenetspeech_test_net@eval-20260804,reference_only,评测入口,catalog/open_audio_eval.jsonl:23,2,2,0,969766,0,0,wenetspeech@icefall-20260908,,,,全部直接产物由所列保留版本覆盖；保留声明、划分及视图，只合并物理备份。,
wenetspeech_traffic_snr0@icefall-20260908,retain,运行快照,catalog/icefall_runtime.jsonl:50,1,1,0,3063338,0,3063338,,,,,存在独立产物或源目录；暂无完整替代证据，保留并展开后续音频依赖。,
wenetspeech_traffic_snr0@recipe-1,reference_only,噪声派生配方,catalog/icefall_traffic_derived.jsonl:2,1,1,0,3063338,0,0,wenetspeech_traffic_snr0@icefall-20260908,,wenetspeech_traffic_snr0@icefall-20260908,,全部直接产物由所列保留版本覆盖；保留声明、划分及视图，只合并物理备份。,
wenetspeech_traffic_snr10@icefall-20260908,retain,运行快照,catalog/icefall_runtime.jsonl:58,1,1,0,3063041,0,3063041,,,,,存在独立产物或源目录；暂无完整替代证据，保留并展开后续音频依赖。,
wenetspeech_traffic_snr10@recipe-1,reference_only,噪声派生配方,catalog/icefall_traffic_derived.jsonl:10,1,1,0,3063041,0,0,wenetspeech_traffic_snr10@icefall-20260908,,wenetspeech_traffic_snr10@icefall-20260908,,全部直接产物由所列保留版本覆盖；保留声明、划分及视图，只合并物理备份。,
wenetspeech_traffic_snr15@icefall-20260908,retain,运行快照,catalog/icefall_runtime.jsonl:62,1,1,0,3063246,0,3063246,,,,,存在独立产物或源目录；暂无完整替代证据，保留并展开后续音频依赖。,
wenetspeech_traffic_snr15@recipe-1,reference_only,噪声派生配方,catalog/icefall_traffic_derived.jsonl:14,1,1,0,3063246,0,0,wenetspeech_traffic_snr15@icefall-20260908,,wenetspeech_traffic_snr15@icefall-20260908,,全部直接产物由所列保留版本覆盖；保留声明、划分及视图，只合并物理备份。,
wenetspeech_traffic_snr20@icefall-20260908,retain,运行快照,catalog/icefall_runtime.jsonl:66,1,1,0,3063399,0,3063399,,,,,存在独立产物或源目录；暂无完整替代证据，保留并展开后续音频依赖。,
wenetspeech_traffic_snr20@recipe-1,reference_only,噪声派生配方,catalog/icefall_traffic_derived.jsonl:18,1,1,0,3063399,0,0,wenetspeech_traffic_snr20@icefall-20260908,,wenetspeech_traffic_snr20@icefall-20260908,,全部直接产物由所列保留版本覆盖；保留声明、划分及视图，只合并物理备份。,
wenetspeech_traffic_snr5@icefall-20260908,retain,运行快照,catalog/icefall_runtime.jsonl:54,1,1,0,3063783,0,3063783,,,,,存在独立产物或源目录；暂无完整替代证据，保留并展开后续音频依赖。,
wenetspeech_traffic_snr5@recipe-1,reference_only,噪声派生配方,catalog/icefall_traffic_derived.jsonl:6,1,1,0,3063783,0,0,wenetspeech_traffic_snr5@icefall-20260908,,wenetspeech_traffic_snr5@icefall-20260908,,全部直接产物由所列保留版本覆盖；保留声明、划分及视图，只合并物理备份。,
wenetspeech_wu@icefall-20260908,retain,运行快照,catalog/icefall_runtime.jsonl:16,1,1,0,1152478793,0,1152478793,,,,,存在独立产物或源目录；暂无完整替代证据，保留并展开后续音频依赖。,
wenetspeech_wu@legacy-20260804,reference_only,历史基础入口,catalog/icefall_base.jsonl:11,1,1,0,1152478793,0,0,wenetspeech_wu@icefall-20260908,,wenetspeech_wu@icefall-20260908,,全部直接产物由所列保留版本覆盖；保留声明、划分及视图，只合并物理备份。,
wenetspeech_yue@icefall-20260908,retain,运行快照,catalog/icefall_runtime.jsonl:40,6,6,0,340606153,0,340606153,,,,,存在独立产物或源目录；暂无完整替代证据，保留并展开后续音频依赖。,
wenetspeech_yue@legacy-20260804,reference_only,历史基础入口,catalog/icefall_base.jsonl:35,6,6,0,340606153,0,0,wenetspeech_yue@icefall-20260908,,wenetspeech_yue@icefall-20260908,,全部直接产物由所列保留版本覆盖；保留声明、划分及视图，只合并物理备份。,
wenetspeech_yue_all@icefall-20260908,retain,运行快照,catalog/icefall_runtime.jsonl:41,6,6,0,1786886466,0,1786074922,wenetspeech_yue@icefall-20260908,,,,存在独立产物或源目录；暂无完整替代证据，保留并展开后续音频依赖。,
wenetspeech_yue_all@legacy-20260804,reference_only,历史基础入口,catalog/icefall_base.jsonl:36,6,6,0,1786886466,0,0,wenetspeech_yue@icefall-20260908;wenetspeech_yue_all@icefall-20260908,,wenetspeech_yue_all@icefall-20260908,,全部直接产物由所列保留版本覆盖；保留声明、划分及视图，只合并物理备份。,
yodas_ar@legacy,retain,源数据或独立产物,catalog/legacy_multilingual.jsonl:4,1,0,1,0,0,0,,,,,存在独立产物或源目录；暂无完整替代证据，保留并展开后续音频依赖。,
yodas_bn@legacy,retain,源数据或独立产物,catalog/legacy_multilingual.jsonl:11,1,0,1,0,0,0,,,,,存在独立产物或源目录；暂无完整替代证据，保留并展开后续音频依赖。,
yodas_de@legacy,retain,源数据或独立产物,catalog/legacy_multilingual.jsonl:15,1,0,1,0,0,0,,,,,存在独立产物或源目录；暂无完整替代证据，保留并展开后续音频依赖。,
yodas_es@legacy,retain,源数据或独立产物,catalog/legacy_multilingual.jsonl:21,1,0,1,0,0,0,,,,,存在独立产物或源目录；暂无完整替代证据，保留并展开后续音频依赖。,
yodas_fr@legacy,retain,源数据或独立产物,catalog/legacy_multilingual.jsonl:26,1,0,1,0,0,0,,,,,存在独立产物或源目录；暂无完整替代证据，保留并展开后续音频依赖。,
yodas_ja@legacy,retain,源数据或独立产物,catalog/legacy_multilingual.jsonl:30,1,0,1,0,0,0,,,,,存在独立产物或源目录；暂无完整替代证据，保留并展开后续音频依赖。,
yodas_ko@legacy,retain,源数据或独立产物,catalog/legacy_multilingual.jsonl:35,1,0,1,0,0,0,,,,,存在独立产物或源目录；暂无完整替代证据，保留并展开后续音频依赖。,
yodas_ru@legacy,retain,源数据或独立产物,catalog/legacy_multilingual.jsonl:39,1,0,1,0,0,0,,,,,存在独立产物或源目录；暂无完整替代证据，保留并展开后续音频依赖。,
