dataset,inventory_status,artifact_count,issues,directories
3dspeaker@official-source-20260911,registered,8,0,0
3dspeaker@speaker-records-v1-20260912,registered,13,0,1
aishellmix@pack3-current-source-20260910,registered,7,0,0
aishellmix@pack3-current-audio-record-20260910,registered,5,0,0
aishellmix@original-source-20260910,registered,6,0,0
aishellmix@original-audio-record-20260910,registered,9,0,0
alimeeting@openslr-119-far-local-20260903,registered,4,0,3
audioset_road_traffic@legacy-20260804,registered,1,0,0
chime6@openslr-150-source-20260911,registered,8,0,0
chime6@speaker-records-v1-20260912,registered,15,0,1
ciempiess_light@hf-3d6afb2b3b8d,registered,2,0,1
ciempiess_original@official-2014,download_planned,2,0,1
ciempiess_test@hf-c134fff8e335,download_planned,2,0,1
cnceleb1@openslr-82-v2,registered,2,0,0
cnceleb1@speaker-records-v1-20260912,registered,9,0,1
cnceleb2@openslr-82-v2,registered,4,0,0
cnceleb2@speaker-records-v1-20260912,registered,6,0,1
common-voice-es@26.0,download_planned,2,1,0
common-voice-pt@26.0,download_planned,2,1,0
coraa_mupe@hf-437966f103b3,download_planned,2,0,1
aishell5@1.0,download_planned,5,5,0
common-voice-en@26.0,download_planned,1,1,0
common-voice-zh-cn@26.0,download_planned,1,1,0
common-voice-zh-hk@26.0,download_planned,1,1,0
common-voice-yue@26.0,download_planned,1,1,0
gigaspeech2@hf-8dc0d0e502b7,download_planned,1,0,1
granary@hf-0fe23a860e35,download_planned,1,1,0
omnilingual-asr-corpus@hf-8648ba894637,download_planned,1,1,0
lemas@hf-91f0c1b9a29f,download_planned,1,1,0
reazonspeech@hf-0df78f991f6a,download_planned,1,1,0
google_latam@openslr-20260911,download_planned,2,0,1
hi_mia@openslr-85-test-v2,registered,5,0,0
hi_mia@speaker-records-v1-20260912,registered,13,0,1
librispeech@legacy-20260804,registered,14,0,0
mls@legacy-20260804,registered,6,0,0
gigaspeech@legacy-20260804,registered,6,0,0
common_voice_en@legacy-20260804,registered,6,0,0
singaporean@legacy-20260804,registered,2,0,0
singapore_english@legacy-20260804,registered,4,0,0
tal100_en@legacy-20260804,registered,6,0,0
wenetspeech@legacy-20260804,registered,8,0,0
wenetspeech4tts@legacy-20260804,registered,2,0,0
wenetspeech_chuan@legacy-20260804,registered,1,0,0
wenetspeech_wu@legacy-20260804,registered,1,0,0
emilia_zh@legacy-20260804,registered,1,0,0
aishell@legacy-20260804,registered,6,0,0
aishell2@legacy-20260804,registered,4,0,0
aishell3@legacy-20260804,registered,4,0,0
aishell4@legacy-20260804,registered,4,0,0
thchs30@legacy-20260804,registered,6,0,0
magicdata@legacy-20260804,registered,6,0,0
magicdata_ramc@legacy-20260804,registered,6,0,0
kespeech@legacy-20260804,registered,10,0,0
aidatatang@legacy-20260804,registered,2,0,0
primewords@legacy-20260804,registered,2,0,0
common_voice_zh@legacy-20260804,registered,6,0,0
tal100_zh@legacy-20260804,registered,6,0,0
childmandarin@legacy-20260804,registered,3,0,0
fleurs_zh@legacy-20260804,registered,6,0,0
talcs@legacy-20260804,registered,6,0,0
cs_dialogue@legacy-20260804,registered,6,0,0
cs_dialogue_en@legacy-20260804,registered,6,0,0
cs_dialogue_mix@legacy-20260804,registered,6,0,0
cumix2017@legacy-20260804,registered,2,0,0
legco_speech@legacy-20260804,registered,2,0,0
legco_speech_en@legacy-20260804,registered,2,0,0
mdcc@legacy-20260804,registered,6,0,0
wenetspeech_yue@legacy-20260804,registered,6,0,0
wenetspeech_yue_all@legacy-20260804,registered,6,0,0
common_voice_zh_hk@legacy-20260804,registered,6,0,0
vitw@legacy-20260804,registered,34,0,0
librispeech@icefall-20260908,registered,14,0,0
mls@icefall-20260908,registered,6,0,0
gigaspeech@icefall-20260908,registered,6,0,0
common_voice_en@icefall-20260908,registered,8,0,0
singaporean@icefall-20260908,registered,2,0,0
singapore_english@icefall-20260908,registered,4,0,0
tal100_en@icefall-20260908,registered,6,0,0
wenetspeech@icefall-20260908,registered,10,0,0
wenetspeech_disfluency@icefall-20260908,registered,2,0,0
wenetspeech4tts@icefall-20260908,registered,2,0,0
police_synthetic_zh_accent@icefall-20260908,registered,8,0,0
police_terms_v5@icefall-20260908,registered,4,0,0
police_terms_v5_dev@icefall-20260908,registered,2,0,0
police_terms_v5_test@icefall-20260908,registered,2,0,0
wenetspeech_chuan@icefall-20260908,registered,1,0,0
wenetspeech_wu@icefall-20260908,registered,1,0,0
emilia_zh@icefall-20260908,registered,1,0,0
aishell@icefall-20260908,registered,6,0,0
aishell2@icefall-20260908,registered,4,0,0
aishell3@icefall-20260908,registered,4,0,0
aishell4@icefall-20260908,registered,8,0,0
thchs30@icefall-20260908,registered,6,0,0
magicdata@icefall-20260908,registered,6,0,0
magicdata_ramc@icefall-20260908,registered,6,0,0
kespeech@icefall-20260908,registered,11,0,0
aidatatang@icefall-20260908,registered,2,0,0
primewords@icefall-20260908,registered,2,0,0
common_voice_zh@icefall-20260908,registered,7,0,0
tal100_zh@icefall-20260908,registered,6,0,0
childmandarin@icefall-20260908,registered,3,0,0
fleurs_zh@icefall-20260908,registered,6,0,0
talcs@icefall-20260908,registered,6,0,0
cs_dialogue@icefall-20260908,registered,6,0,0
cs_dialogue_en@icefall-20260908,registered,6,0,0
cs_dialogue_mix@icefall-20260908,registered,6,0,0
cumix2017@icefall-20260908,registered,2,0,0
legco_speech@icefall-20260908,registered,2,0,0
legco_speech_en@icefall-20260908,registered,2,0,0
mdcc@icefall-20260908,registered,6,0,0
wenetspeech_yue@icefall-20260908,registered,6,0,0
wenetspeech_yue_all@icefall-20260908,registered,6,0,0
common_voice_zh_hk@icefall-20260908,registered,6,0,0
vitw@icefall-20260908,registered,34,0,0
alimeeting_sdm@icefall-20260908,registered,6,0,0
ami_sdm@icefall-20260908,registered,6,0,0
notsofar_sdm@icefall-20260908,registered,6,0,0
vitw_far_field@icefall-20260908,registered,2,0,0
realman@icefall-20260908,registered,120,0,0
librispeech_traffic_snr0@icefall-20260908,registered,2,0,0
wenetspeech_traffic_snr0@icefall-20260908,registered,1,0,0
mdcc_traffic_snr0@icefall-20260908,registered,1,0,0
talcs_traffic_snr0@icefall-20260908,registered,1,0,0
librispeech_traffic_snr5@icefall-20260908,registered,2,0,0
wenetspeech_traffic_snr5@icefall-20260908,registered,1,0,0
mdcc_traffic_snr5@icefall-20260908,registered,1,0,0
talcs_traffic_snr5@icefall-20260908,registered,1,0,0
librispeech_traffic_snr10@icefall-20260908,registered,2,0,0
wenetspeech_traffic_snr10@icefall-20260908,registered,1,0,0
mdcc_traffic_snr10@icefall-20260908,registered,1,0,0
talcs_traffic_snr10@icefall-20260908,registered,1,0,0
librispeech_traffic_snr15@icefall-20260908,registered,2,0,0
wenetspeech_traffic_snr15@icefall-20260908,registered,1,0,0
mdcc_traffic_snr15@icefall-20260908,registered,1,0,0
talcs_traffic_snr15@icefall-20260908,registered,1,0,0
librispeech_traffic_snr20@icefall-20260908,registered,2,0,0
wenetspeech_traffic_snr20@icefall-20260908,registered,1,0,0
mdcc_traffic_snr20@icefall-20260908,registered,1,0,0
talcs_traffic_snr20@icefall-20260908,registered,1,0,0
police_robust_monitor@icefall-20260908,registered,8,0,0
real_rir_slr28@prepared-20260908,registered,1,0,0
librispeech_traffic_snr0@recipe-1,registered,2,0,0
wenetspeech_traffic_snr0@recipe-1,registered,1,0,0
mdcc_traffic_snr0@recipe-1,registered,1,0,0
talcs_traffic_snr0@recipe-1,registered,1,0,0
librispeech_traffic_snr5@recipe-1,registered,2,0,0
wenetspeech_traffic_snr5@recipe-1,registered,1,0,0
mdcc_traffic_snr5@recipe-1,registered,1,0,0
talcs_traffic_snr5@recipe-1,registered,1,0,0
librispeech_traffic_snr10@recipe-1,registered,2,0,0
wenetspeech_traffic_snr10@recipe-1,registered,1,0,0
mdcc_traffic_snr10@recipe-1,registered,1,0,0
talcs_traffic_snr10@recipe-1,registered,1,0,0
librispeech_traffic_snr15@recipe-1,registered,2,0,0
wenetspeech_traffic_snr15@recipe-1,registered,1,0,0
mdcc_traffic_snr15@recipe-1,registered,1,0,0
talcs_traffic_snr15@recipe-1,registered,1,0,0
librispeech_traffic_snr20@recipe-1,registered,2,0,0
wenetspeech_traffic_snr20@recipe-1,registered,1,0,0
mdcc_traffic_snr20@recipe-1,registered,1,0,0
talcs_traffic_snr20@recipe-1,registered,1,0,0
icefall_v10_farfield_replay@prepared-20260908,registered,1828,0,0
common_voice_ar@legacy,registered,1,0,1
fleurs_ar@legacy,registered,1,0,1
mgb2@legacy,registered,1,0,1
yodas_ar@legacy,registered,1,0,1
banspeech_bn@legacy,registered,1,0,1
cbtts_bn@legacy,registered,1,0,1
common_voice_bn@legacy,registered,1,0,1
fleurs_bn@legacy,registered,1,0,1
open_large_bn@legacy,registered,1,0,1
slr37_bn@legacy,registered,1,0,1
yodas_bn@legacy,registered,1,0,1
common_voice_de@legacy,registered,1,0,1
fleurs_de@legacy,registered,1,0,1
mls_de@legacy,registered,1,0,1
yodas_de@legacy,registered,1,0,1
fleurs_en@legacy,registered,1,0,1
emilia_en@legacy,registered,1,0,1
common_voice_es@legacy,registered,1,0,1
fleurs_es@legacy,registered,1,0,1
mls_es@legacy,registered,1,0,1
yodas_es@legacy,registered,1,0,1
cml_tts_fr@legacy,registered,1,0,1
common_voice_fr@legacy,registered,1,0,1
fleurs_fr@legacy,registered,1,0,1
mls_fr@legacy,registered,1,0,1
yodas_fr@legacy,registered,1,0,1
common_voice_ja@legacy,registered,1,0,1
emilia_ja@legacy,registered,1,0,1
fleurs_ja@legacy,registered,1,0,1
yodas_ja@legacy,registered,1,0,1
common_voice_ko@legacy,registered,1,0,1
emilia_ko@legacy,registered,1,0,1
fleurs_ko@legacy,registered,1,0,1
koreaspeech@legacy,registered,1,0,1
yodas_ko@legacy,registered,1,0,1
common_voice_ru@legacy,registered,1,0,1
fleurs_ru@legacy,registered,1,0,1
rulibrispeech_ru@legacy,registered,1,0,1
yodas_ru@legacy,registered,1,0,1
fleurs_zh@legacy,registered,1,0,1
emilia_zh@legacy,registered,1,0,1
speechio@legacy,registered,1,0,1
librimix@960-current-source-20260910,registered,10,0,0
librimix@960-current-audio-record-20260910,registered,10,0,0
librimix@960-legacy-source-20260910,registered,2,0,0
librimix@960-legacy-audio-record-20260910,registered,5,0,0
gigaspeech2_id@local-20260805,registered,2,0,0
gigaspeech2_id_hotwords@hotwords-v1-20260805,registered,2,0,0
kespeech_clean@clean-v1-20260805,registered,2,0,0
kespeech_hotwords@hotwords-v1-20260805,registered,2,0,0
magicdata_hotwords@hotwords-v1-20260805,registered,2,0,0
talcs_hotwords@hotwords-v1-20260805,registered,2,0,0
wenetspeech_clean@clean-v1-20260805,registered,2,0,0
commonvoice_en_clean@clean-v1-20260805,registered,4,0,0
commonvoice_en_hotwords@hotwords-v1-20260805,registered,4,0,0
commonvoice_zh_clean@clean-v1-20260805,registered,2,0,0
commonvoice_zh_hotwords@hotwords-v1-20260805,registered,4,0,0
aishell_clean@clean-v1-20260805,registered,2,0,0
aishell_hotwords@hotwords-v1-20260805,registered,4,0,0
aishell2_clean@clean-v1-20260805,registered,2,0,0
aishell2_hotwords@hotwords-v1-20260805,registered,2,0,0
aishell3_hotwords@hotwords-v1-20260805,registered,4,0,0
thchs30_hotwords@hotwords-v1-20260805,registered,2,0,0
aidatatang_hotwords@hotwords-v1-20260805,registered,2,0,0
wenetspeech_clean@clean-v3-20260828,registered,3,0,0
loquacious_set@hf-0e84cdb9e4b8,download_planned,2,0,1
mls_pt@openslr-94,download_planned,2,0,1
alimeeting@openslr-119-local-20260826,registered,13,0,4
indicvoices@hf-c96f9088f138,registered,1,0,1
multi-talker-sd@hf-be2d372003fd,registered,3,0,3
waxal-asr@hf-e91442a8989b,registered,2,0,2
notsofar@hf-ba8fd0f034ce-recorded-240825.1,registered,3,0,3
notsofar@hf-ba8fd0f034ce-sim-v1.5-200h,registered,2,0,2
musan@legacy-20260804,registered,2,0,0
aishell@eval-20260804,registered,2,0,0
aishell2@eval-20260804,registered,2,0,0
aishell3@eval-20260804,registered,2,0,0
magicdata@eval-20260804,registered,2,0,0
kespeech@eval-20260804,registered,2,0,0
thchs30@eval-20260804,registered,2,0,0
talcs@eval-20260804,registered,2,0,0
gigaspeech@eval-20260804,registered,2,0,0
mls@eval-20260804,registered,2,0,0
commonvoice_en@eval-20260804,registered,3,0,0
commonvoice_zh@eval-20260804,registered,2,0,0
commonvoice_en_hotwords@eval-20260804,registered,2,0,0
commonvoice_zh_hotwords@eval-20260804,registered,2,0,0
aishell_hotwords@eval-20260804,registered,2,0,0
aishell2_hotwords@eval-20260804,registered,2,0,0
aishell3_hotwords@eval-20260804,registered,2,0,0
librispeech_test_clean_hotwords@eval-20260804,registered,2,0,0
librispeech_test_other_hotwords@eval-20260804,registered,2,0,0
librispeech@eval-20260804,registered,4,0,0
wenetspeech@eval-20260804,registered,4,0,0
librispeech_test_clean@eval-20260804,registered,2,0,0
librispeech_test_other@eval-20260804,registered,2,0,0
wenetspeech_test_net@eval-20260804,registered,2,0,0
wenetspeech_test_meeting@eval-20260804,registered,2,0,0
biic_podcast_ser@eval-20260804,registered,2,0,0
m3ed_ser@eval-20260804,registered,2,0,0
meld_ser@eval-20260804,registered,2,0,0
iemocap_ser@eval-20260804,registered,2,0,0
msp_podcast_ser@eval-20260804,registered,4,0,0
emotion1200_en_ser@eval-20260804,registered,2,0,0
emotion1200_zh_ser@eval-20260804,registered,2,0,0
emotion1200_en_sec@eval-20260804,registered,2,0,0
emotion1200_zh_sec@eval-20260804,registered,2,0,0
emotion1200_en_sepc@eval-20260804,registered,2,0,0
emotion1200_zh_sepc@eval-20260804,registered,2,0,0
libri2mix_tsstyle@eval-20260804,registered,1,0,0
libri3mix_tsstyle@eval-20260804,registered,1,0,0
ts_hw_test_libristyle@eval-20260804,registered,1,0,0
libri2mix_lib@eval-20260804,registered,1,0,0
libri3mix_lib@eval-20260804,registered,1,0,0
libri2mix_snrp5@eval-20260804,registered,1,0,0
libri3mix_snrp5@eval-20260804,registered,1,0,0
libri2mix_snrp10@eval-20260804,registered,1,0,0
libri3mix_snrp10@eval-20260804,registered,1,0,0
audioset_esc_test@eval-20260804,registered,1,0,0
cv_en_rir_slr26@eval-20260804,registered,2,0,0
cv_en_rir_slr28_sim@eval-20260804,registered,2,0,0
cv_en_rir_slr28_real@eval-20260804,registered,2,0,0
cv_en_rir_rirmega@eval-20260804,registered,2,0,0
cv_en_noise_musan_noise@eval-20260804,registered,2,0,0
cv_en_noise_musan_music@eval-20260804,registered,2,0,0
cv_en_noise_musan_speech@eval-20260804,registered,2,0,0
cv_en_noise_dns@eval-20260804,registered,2,0,0
cv_en_noise_audioset_traffic@eval-20260804,registered,2,0,0
cv_en_noise_audioset_esc@eval-20260804,registered,2,0,0
cv_en_noise_wham@eval-20260804,registered,2,0,0
cv_zh_rir_slr26@eval-20260804,registered,2,0,0
cv_zh_rir_slr28_sim@eval-20260804,registered,2,0,0
cv_zh_rir_slr28_real@eval-20260804,registered,2,0,0
cv_zh_rir_rirmega@eval-20260804,registered,2,0,0
cv_zh_noise_musan_noise@eval-20260804,registered,2,0,0
cv_zh_noise_musan_music@eval-20260804,registered,2,0,0
cv_zh_noise_musan_speech@eval-20260804,registered,2,0,0
cv_zh_noise_dns@eval-20260804,registered,2,0,0
cv_zh_noise_audioset_traffic@eval-20260804,registered,2,0,0
cv_zh_noise_audioset_esc@eval-20260804,registered,2,0,0
cv_zh_noise_wham@eval-20260804,registered,2,0,0
cv_en_rir_slr26_hotwords@eval-20260804,registered,2,0,0
cv_en_rir_slr28_sim_hotwords@eval-20260804,registered,2,0,0
cv_en_rir_slr28_real_hotwords@eval-20260804,registered,2,0,0
cv_en_rir_rirmega_hotwords@eval-20260804,registered,2,0,0
cv_en_noise_musan_noise_hotwords@eval-20260804,registered,2,0,0
cv_en_noise_musan_music_hotwords@eval-20260804,registered,2,0,0
cv_en_noise_musan_speech_hotwords@eval-20260804,registered,2,0,0
cv_en_noise_dns_hotwords@eval-20260804,registered,2,0,0
cv_en_noise_audioset_traffic_hotwords@eval-20260804,registered,2,0,0
cv_en_noise_audioset_esc_hotwords@eval-20260804,registered,2,0,0
cv_en_noise_wham_hotwords@eval-20260804,registered,2,0,0
cv_zh_rir_slr26_hotwords@eval-20260804,registered,2,0,0
cv_zh_rir_slr28_sim_hotwords@eval-20260804,registered,2,0,0
cv_zh_rir_slr28_real_hotwords@eval-20260804,registered,2,0,0
cv_zh_rir_rirmega_hotwords@eval-20260804,registered,2,0,0
cv_zh_noise_musan_noise_hotwords@eval-20260804,registered,2,0,0
cv_zh_noise_musan_music_hotwords@eval-20260804,registered,2,0,0
cv_zh_noise_musan_speech_hotwords@eval-20260804,registered,2,0,0
cv_zh_noise_dns_hotwords@eval-20260804,registered,2,0,0
cv_zh_noise_audioset_traffic_hotwords@eval-20260804,registered,2,0,0
cv_zh_noise_audioset_esc_hotwords@eval-20260804,registered,2,0,0
cv_zh_noise_wham_hotwords@eval-20260804,registered,2,0,0
vitw_real_distortion@eval-20260804,registered,2,0,0
vitw_real_dropout@eval-20260804,registered,2,0,0
vitw_real_echo@eval-20260804,registered,2,0,0
vitw_real_far_field@eval-20260804,registered,2,0,0
vitw_real_mixed@eval-20260804,registered,2,0,0
vitw_real_noise@eval-20260804,registered,2,0,0
vitw_real_obstructed@eval-20260804,registered,2,0,0
vitw_real_recording@eval-20260804,registered,2,0,0
vitw_syn_distortion@eval-20260804,registered,2,0,0
vitw_syn_dropout@eval-20260804,registered,2,0,0
vitw_syn_echo@eval-20260804,registered,2,0,0
vitw_syn_far_field@eval-20260804,registered,2,0,0
vitw_syn_mixed@eval-20260804,registered,2,0,0
vitw_syn_noise@eval-20260804,registered,2,0,0
vitw_syn_obstructed@eval-20260804,registered,2,0,0
vitw_syn_recording@eval-20260804,registered,2,0,0
peoples_speech@hf-f10597c5d3d3,download_planned,2,0,1
real_rir_slr28@legacy-20260804,registered,1,0,0
sim_rir_slr26@legacy-20260804,registered,1,0,0
sim_rir_slr28@legacy-20260804,registered,1,0,0
police_synthetic_zh_accent@v1-20260817,registered,8,0,0
police_synthetic_zh_accent@v2-20260818,registered,15,0,0
police_synthetic_zh_accent@v3-20260820,registered,10,0,0
police_synthetic_zh_accent@v5-20260830-qwen75-cosy25,registered,7,0,0
police_synthetic_zh_accent@v5-20260830-qc,registered,6,0,0
wenetspeech@weak-source-20260904,registered,2,0,0
wenetspeech@clean-weak-v1-20260904,registered,3,0,0
yodas_granary_es_pt@hf-969944574ea3,download_planned,2,0,1
